10.7;-12.94841;-38.43102167
10.2;-12.94841333;-38.43102167
10.2;-12.948415;-38.43102167
10.2;-12.94841833;-38.43102167
10.7;-12.94842;-38.43102167
10.8;-12.94842333;-38.43102167
10.8;-12.94842667;-38.43102167
11.1;-12.94842833;-38.43102167
11.2;-12.94843167;-38.43102167
11.9;-12.948435;-38.43102167
12.3;-12.94843667;-38.43102167
12.5;-12.94844;-38.43102333
13.2;-12.94844333;-38.43102333
13.5;-12.94844667;-38.431025
13.9;-12.94845;-38.431025
14.3;-12.94845333;-38.43102667
14.4;-12.94845667;-38.43102833
14.5;-12.94846;-38.43103
15.4;-12.94846333;-38.43103167
16.2;-12.94846667;-38.43103333
16.9;-12.94847;-38.431035
16.8;-12.94847333;-38.43103667
16.7;-12.94847833;-38.43103833
16.8;-12.94848167;-38.43104
16.9;-12.948485;-38.43104333
16.9;-12.94848833;-38.431045
17.3;-12.94849333;-38.43104667
18.1;-12.94849667;-38.43104833
19;-12.9485;-38.43105167
19.4;-12.948505;-38.43105333
18.9;-12.94850833;-38.43105667
18.9;-12.94851167;-38.43106
19.2;-12.94851667;-38.43106167
19.2;-12.94852;-38.431065
18.9;-12.94852333;-38.43106833
18.9;-12.94852833;-38.43107167
18.9;-12.94853167;-38.431075
18.9;-12.948535;-38.43107667
19.4;-12.94853833;-38.43108
19.7;-12.94854167;-38.43108333
19.9;-12.948545;-38.43108667
20.9;-12.94854833;-38.43109167
21.6;-12.94855167;-38.431095
22.4;-12.948555;-38.4311
23.3;-12.94856;-38.431105
24.2;-12.94856333;-38.43110833
25.3;-12.94856667;-38.43111333
26.1;-12.94857;-38.43112
26.7;-12.94857333;-38.431125
27.2;-12.94857667;-38.43113167
27.7;-12.94858;-38.43113667
28.1;-12.94858333;-38.43114333
28.8;-12.94858667;-38.43115
29.1;-12.94859;-38.431155
29.2;-12.94859333;-38.43116167
29.6;-12.94859667;-38.43116833
29.7;-12.9486;-38.431175
30.5;-12.94860333;-38.43118333
31.2;-12.94860667;-38.43119
31.6;-12.94861;-38.43119667
33.4;-12.94861333;-38.431205
34.3;-12.94861833;-38.43121167
34.5;-12.94862167;-38.43122
35.3;-12.948625;-38.43122833
35.9;-12.94862833;-38.43123667
36;-12.94863167;-38.431245
36.1;-12.948635;-38.43125333
36.2;-12.94863833;-38.43126167
36.9;-12.94864167;-38.43127
37;-12.948645;-38.43128
37.2;-12.94865;-38.43128833
37.7;-12.94865333;-38.43129667
38;-12.94865667;-38.43130667
37.7;-12.94866;-38.431315
37.7;-12.948665;-38.43132333
37.6;-12.94866833;-38.43133167
37.3;-12.94867167;-38.43134167
37.4;-12.94867667;-38.43135
36.8;-12.94868;-38.43135833
36.9;-12.948685;-38.43136667
36.8;-12.94868833;-38.431375
36.8;-12.94869333;-38.43138333
36.7;-12.94869833;-38.43139167
36.7;-12.94870333;-38.43140167
36.6;-12.94870833;-38.43141
36.5;-12.94871333;-38.43141833
36.5;-12.94871833;-38.43142833
36.4;-12.948725;-38.43143667
34.9;-12.94873;-38.431445
35;-12.948735;-38.43145167
35.7;-12.94874;-38.43145833
35.6;-12.948745;-38.43146667
35.3;-12.94875;-38.43147333
35.2;-12.948755;-38.43148167
34.3;-12.94876167;-38.43148833
33.6;-12.94876667;-38.431495
33.7;-12.94877333;-38.43150167
33.7;-12.94877833;-38.43150667
33.6;-12.94878333;-38.43151333
33.5;-12.94879;-38.43152
32.9;-12.94879667;-38.43152667
32.5;-12.94880167;-38.43153167
33.1;-12.94880833;-38.43153667
33;-12.948815;-38.43154333
32.5;-12.94882167;-38.43154833
32.4;-12.94882667;-38.43155333
32.3;-12.94883333;-38.43155833
31.7;-12.94884;-38.43156333
32.2;-12.94884667;-38.43156667
32.2;-12.94885333;-38.43157167
32.4;-12.94886;-38.43157667
32.4;-12.94886833;-38.43158
32.5;-12.948875;-38.431585
32.5;-12.94888167;-38.43159
32;-12.94888833;-38.43159333
32.1;-12.948895;-38.43159833
32;-12.94890333;-38.43160167
31.6;-12.94891;-38.431605
31.4;-12.94891667;-38.43160833
31.2;-12.94892333;-38.43161167
30.8;-12.94893167;-38.431615
30.5;-12.94893833;-38.43161833
30.1;-12.948945;-38.43162167
30;-12.94895333;-38.43162333
29.5;-12.94896;-38.43162667
28.9;-12.94896667;-38.43162833
28.8;-12.94897333;-38.43163
28.4;-12.94898;-38.43163333
28;-12.94898833;-38.431635
27.9;-12.948995;-38.43163667
27.3;-12.94900167;-38.43163833
26.7;-12.94900833;-38.43164
26.6;-12.949015;-38.43164167
26.4;-12.94902167;-38.43164333
25.9;-12.94902667;-38.431645
25.8;-12.94903333;-38.431645
25.4;-12.94904;-38.43164667
24.6;-12.94904667;-38.43164833
24.6;-12.94905167;-38.43165
24.5;-12.94905833;-38.43165
23.9;-12.949065;-38.43165167
23.5;-12.94907;-38.43165333
22.9;-12.94907667;-38.43165333
22.8;-12.94908167;-38.43165333
22.4;-12.94908833;-38.431655
21.9;-12.94909333;-38.431655
21.4;-12.94909833;-38.431655
21.1;-12.94910333;-38.431655
20.9;-12.94911;-38.431655
20.5;-12.949115;-38.43165333
20.4;-12.94912;-38.43165333
20.4;-12.949125;-38.43165333
20.3;-12.94913;-38.43165333
20.2;-12.949135;-38.43165167
20.2;-12.94914;-38.43165167
20.1;-12.949145;-38.43165
19.8;-12.94915;-38.43165
19.8;-12.949155;-38.43164833
19.8;-12.94916;-38.43164833
19.8;-12.949165;-38.43164667
19.8;-12.94917;-38.43164667
19.8;-12.949175;-38.431645
19.8;-12.94918;-38.431645
19.9;-12.949185;-38.43164333
19.9;-12.94918833;-38.43164167
19.9;-12.94919333;-38.43164167
19.9;-12.94919833;-38.43164
21;-12.94920333;-38.43163833
21.1;-12.94920833;-38.43163667
21.2;-12.94921333;-38.431635
21.8;-12.94921833;-38.43163333
21.9;-12.949225;-38.43163167
22.2;-12.94923;-38.43163
22.6;-12.949235;-38.43162833
23.4;-12.94924;-38.43162667
23.7;-12.949245;-38.431625
24.7;-12.94925167;-38.43162167
24.6;-12.94925667;-38.43162
24.6;-12.94926167;-38.43161667
25.4;-12.94926833;-38.431615
25.7;-12.94927333;-38.43161167
26.7;-12.94928;-38.43160833
27.6;-12.949285;-38.43160667
28.2;-12.94929167;-38.43160333
28.9;-12.94929833;-38.4316
29.6;-12.949305;-38.431595
30.3;-12.94931167;-38.43159167
30.7;-12.94931833;-38.43158833
31.4;-12.94932333;-38.43158333
32.1;-12.94933167;-38.43158
32.8;-12.94933833;-38.431575
33.2;-12.949345;-38.43157167
33.6;-12.94935167;-38.43156667
34;-12.94935833;-38.43156167
34.3;-12.94936667;-38.43155667
34.9;-12.94937333;-38.43155167
35.6;-12.94938;-38.43154667
35.7;-12.94938667;-38.43154167
36;-12.949395;-38.43153667
36.6;-12.94940167;-38.43153
36.5;-12.94941;-38.431525
36.9;-12.94941667;-38.43152
37;-12.94942333;-38.43151333
37.5;-12.94943167;-38.43150833
37.5;-12.94943833;-38.43150167
38;-12.94944667;-38.431495
38.1;-12.94945333;-38.43149
38.2;-12.94946;-38.43148333
38.9;-12.94946833;-38.43147667
38.9;-12.949475;-38.43147
38.2;-12.94948333;-38.43146333
38.6;-12.94949;-38.43145833
38.7;-12.94949833;-38.43145167
38.8;-12.949505;-38.431445
38.9;-12.94951167;-38.43143833
38.9;-12.94952;-38.43143167
38.5;-12.94952667;-38.43142333
38.5;-12.94953333;-38.43141667
38.2;-12.94954;-38.43141
38.1;-12.94954833;-38.43140333
38.6;-12.949555;-38.431395
38.2;-12.94956167;-38.43138833
38.1;-12.94956833;-38.43138167
38.2;-12.949575;-38.43137333
38.3;-12.94958167;-38.431365
38.3;-12.94958667;-38.43135833
38.3;-12.94959333;-38.43135
37.9;-12.9496;-38.43134167
37.9;-12.949605;-38.43133333
37.9;-12.94961167;-38.43132667
37.9;-12.94961667;-38.43131833
37.4;-12.94962333;-38.43131
37.1;-12.94962833;-38.43130167
37.1;-12.94963333;-38.43129333
36.4;-12.94963833;-38.431285
36.2;-12.94964333;-38.43127833
35.9;-12.94964833;-38.43127
35.3;-12.94965333;-38.43126333
35.3;-12.94965833;-38.431255
35.3;-12.94966333;-38.43124667
35.4;-12.94966833;-38.43124
36.3;-12.94967167;-38.43123167
34.9;-12.94967667;-38.43122333
36.4;-12.94968;-38.431215
35.9;-12.94968333;-38.43120667
36.4;-12.94968667;-38.43119833
36.4;-12.94969;-38.43119
36.5;-12.94969333;-38.43118
36.5;-12.949695;-38.43117167
37;-12.94969667;-38.43116167
37.2;-12.9497;-38.43115333
37.5;-12.94970167;-38.43114333
37.6;-12.94970333;-38.431135
37.6;-12.94970333;-38.431125
37.6;-12.949705;-38.431115
37.7;-12.94970667;-38.431105
37.7;-12.94970833;-38.43109667
37.7;-12.94971;-38.43108667
37.7;-12.94971;-38.43107667
37.6;-12.94971167;-38.43106667
36.7;-12.94971167;-38.43105833
36.6;-12.94971167;-38.43104833
36.2;-12.94971167;-38.43103833
36.2;-12.94971;-38.43102833
36.3;-12.94970833;-38.43101833
36.7;-12.94970833;-38.43100833
36.3;-12.94970667;-38.43099833
36.2;-12.94970333;-38.43098833
36.2;-12.94970167;-38.43097833
35.8;-12.9497;-38.43097
35.8;-12.94969833;-38.43096167
35.7;-12.949695;-38.43095167
35.6;-12.94969167;-38.43094333
35.9;-12.94969;-38.430935
35.9;-12.94968667;-38.43092667
35.9;-12.94968333;-38.43091833
36.4;-12.94968;-38.43090833
37.1;-12.94967667;-38.4309
37.4;-12.94967333;-38.43089167
37.5;-12.94966833;-38.43088333
37.4;-12.949665;-38.43087333
37.4;-12.94966167;-38.430865
37.4;-12.94965667;-38.43085667
38.3;-12.94965333;-38.43084833
38.4;-12.94964833;-38.43084
38.5;-12.94964333;-38.43083
38.6;-12.94964;-38.43082167
38.1;-12.949635;-38.43081333
37.8;-12.94963;-38.430805
37.7;-12.949625;-38.43079667
37.8;-12.94962;-38.43078833
37.9;-12.949615;-38.43078
38.3;-12.94961;-38.43077167
38.4;-12.94960333;-38.430765
38.3;-12.94959667;-38.43075667
38.2;-12.94958833;-38.43075
38;-12.94958;-38.43074333
38.1;-12.94957333;-38.43073667
38.1;-12.949565;-38.43073
38.5;-12.949555;-38.430725
38.4;-12.94954667;-38.43071833
38.4;-12.94953833;-38.43071333
38.7;-12.94952833;-38.43070667
38.6;-12.94952;-38.4307
38.7;-12.94951;-38.430695
39.2;-12.9495;-38.43068833
39.5;-12.94949167;-38.43068333
39.6;-12.94948167;-38.43067833
39.7;-12.94947333;-38.43067167
40.1;-12.949465;-38.43066667
39.9;-12.94945667;-38.43066167
40;-12.94944833;-38.430655
40;-12.94944;-38.43065
40.1;-12.94943167;-38.430645
40.2;-12.94942167;-38.43064
40.3;-12.94941333;-38.430635
40.7;-12.949405;-38.43063
40.7;-12.949395;-38.430625
41.2;-12.94938667;-38.43062
41.3;-12.94937667;-38.43061333
41.3;-12.94936833;-38.43060833
41.5;-12.94935833;-38.43060167
41.6;-12.94935;-38.43059667
41.7;-12.94934;-38.43059
41.8;-12.94933167;-38.43058333
41.9;-12.94932333;-38.430575
42.4;-12.94931333;-38.43056833
42.8;-12.949305;-38.43056
42.7;-12.949295;-38.43055333
43.1;-12.94928667;-38.430545
43.2;-12.94927833;-38.43053667
43.7;-12.94926833;-38.43052833
43.7;-12.94926;-38.43052167
43.7;-12.94925;-38.43051333
43.6;-12.94924167;-38.430505
44;-12.94923167;-38.43049667
44.5;-12.94922333;-38.43048833
44.6;-12.949215;-38.43047833
45.3;-12.94920667;-38.43047
45.4;-12.94919833;-38.43046
45.5;-12.94919;-38.43045167
45.9;-12.94918;-38.43044167
46.6;-12.94917167;-38.43043167
46.2;-12.94916333;-38.43042333
46.9;-12.949155;-38.43041333
47;-12.94914667;-38.43040333
47.5;-12.94913833;-38.43039333
48.3;-12.94913;-38.43038333
47.9;-12.94912167;-38.430375
48;-12.94911333;-38.430365
48.3;-12.94910667;-38.430355
48.2;-12.94909833;-38.430345
48.1;-12.94909167;-38.430335
48.6;-12.94908333;-38.430325
48.6;-12.94907667;-38.430315
48.6;-12.94906833;-38.430305
47.7;-12.94906167;-38.430295
49;-12.94905333;-38.43028333
48.5;-12.94904667;-38.43027333
48.6;-12.94904;-38.43026333
49;-12.94903333;-38.43025167
49.3;-12.94902667;-38.43024167
49.3;-12.94902;-38.43023
49.3;-12.94901167;-38.43022
49.3;-12.949005;-38.43020833
49.3;-12.94899833;-38.43019833
49.1;-12.94899333;-38.43018667
49.6;-12.94898667;-38.430175
49.5;-12.94898;-38.430165
49.5;-12.94897333;-38.43015333
49.5;-12.94896667;-38.43014167
49.8;-12.94896;-38.43013
49.8;-12.94895333;-38.43011833
49.7;-12.94894667;-38.43010667
49.7;-12.94894167;-38.430095
49.7;-12.948935;-38.43008333
49.9;-12.94892833;-38.43007167
49.9;-12.94892167;-38.43005833
49.8;-12.948915;-38.43004667
49.7;-12.94890833;-38.430035
49.8;-12.94890167;-38.43002333
50.3;-12.948895;-38.43001333
50.3;-12.94888833;-38.43000167
50.2;-12.94888167;-38.42999
49.9;-12.948875;-38.42997833
50.4;-12.94886833;-38.42996833
50.4;-12.94886167;-38.42995667
50.4;-12.948855;-38.429945
50.4;-12.94885;-38.42993333
50.1;-12.94884167;-38.42992333
50.9;-12.94883667;-38.42991167
50.8;-12.94883;-38.4299
50.9;-12.94882333;-38.42988833
50.9;-12.94881667;-38.42987833
50.9;-12.94881167;-38.42986667
51;-12.948805;-38.429855
51.4;-12.94879833;-38.429845
51.4;-12.94879333;-38.42983333
51.3;-12.94878667;-38.42982167
51.3;-12.94878;-38.42981
51.9;-12.94877333;-38.42979833
52;-12.94876833;-38.42978667
52.1;-12.94876167;-38.429775
52.1;-12.948755;-38.42976333
52.1;-12.94875;-38.42975
52.2;-12.94874333;-38.42973833
52.3;-12.94873833;-38.42972667
52.3;-12.94873167;-38.429715
52.7;-12.94872667;-38.42970333
52.7;-12.94872;-38.42969167
52.7;-12.948715;-38.42968
52.7;-12.94871;-38.42966833
53.2;-12.94870333;-38.42965667
53.2;-12.94869833;-38.429645
53.1;-12.94869167;-38.42963333
53.1;-12.94868667;-38.42962167
53.2;-12.94868167;-38.42960833
53.3;-12.948675;-38.42959667
53.3;-12.94867;-38.42958333
53.3;-12.948665;-38.42957167
53.3;-12.94866;-38.42956
53.3;-12.948655;-38.42954833
54;-12.94865;-38.42953667
53.9;-12.948645;-38.429525
53.9;-12.94864167;-38.42951333
54;-12.94863667;-38.42950167
54;-12.94863167;-38.42949167
53.9;-12.94862667;-38.42948
54;-12.94862167;-38.42946667
54;-12.94861667;-38.429455
54.3;-12.94861167;-38.42944333
53.8;-12.94860833;-38.42943
53.8;-12.94860333;-38.42941833
53.9;-12.94859833;-38.429405
54.6;-12.948595;-38.42939167
54.2;-12.94859;-38.42938
54.2;-12.948585;-38.42936667
54.2;-12.94858167;-38.42935333
54.3;-12.94857667;-38.42934167
54.7;-12.94857167;-38.42932833
54.6;-12.94856833;-38.429315
54.3;-12.94856333;-38.42930167
54.8;-12.94855833;-38.42928833
54.7;-12.948555;-38.42927333
54.7;-12.94855;-38.42926
55.2;-12.94854667;-38.42924667
54.8;-12.94854167;-38.42923167
54.7;-12.94853833;-38.42921833
54.6;-12.948535;-38.429205
54.9;-12.94853167;-38.42919167
55;-12.94852833;-38.42917833
55.1;-12.948525;-38.429165
55.1;-12.94852167;-38.42915167
55.1;-12.94851833;-38.42913833
55.4;-12.94851667;-38.42912667
55.5;-12.94851333;-38.42911167
55.5;-12.94851;-38.42909833
55.4;-12.94850667;-38.42908667
55.4;-12.948505;-38.42907333
55.4;-12.94850167;-38.42906
55.4;-12.94849833;-38.42904667
55.4;-12.948495;-38.42903333
55.4;-12.94849167;-38.42902
55.5;-12.94848833;-38.42900667
55.5;-12.94848667;-38.42899167
55.6;-12.94848333;-38.42897833
56;-12.94848167;-38.428965
56.1;-12.94847833;-38.42895
56.2;-12.948475;-38.428935
56.1;-12.94847333;-38.42892167
56.7;-12.94847;-38.42890667
56.5;-12.94846833;-38.42889167
56.4;-12.948465;-38.42887833
57.8;-12.94846167;-38.42886167
57.7;-12.94845833;-38.42884667
56.7;-12.948455;-38.42883167
56.7;-12.94845167;-38.42881667
57.1;-12.94844833;-38.4288
57.1;-12.948445;-38.428785
57.1;-12.94844333;-38.42877
57.1;-12.94844;-38.428755
57.1;-12.94843667;-38.42874
58.1;-12.948435;-38.428725
57.6;-12.94843167;-38.42871
56.9;-12.94842833;-38.428695
56.9;-12.94842667;-38.42868
57.3;-12.94842333;-38.42866333
57.7;-12.94842;-38.42864833
57.6;-12.94841833;-38.42863333
57.5;-12.948415;-38.42861833
57.5;-12.94841167;-38.42860333
57.3;-12.94840833;-38.42858833
57.3;-12.94840667;-38.42857333
57.3;-12.948405;-38.42855833
57.2;-12.94840167;-38.42854333
57.3;-12.94840167;-38.42852833
57.7;-12.9484;-38.42851333
57.8;-12.94839833;-38.42849833
58.2;-12.94839833;-38.42848167
58.2;-12.94839667;-38.42846667
58.2;-12.94839667;-38.42845167
58.2;-12.948395;-38.42843667
58.1;-12.948395;-38.42842167
58;-12.94839333;-38.42840667
58.7;-12.94839333;-38.42839167
59;-12.94839333;-38.42837667
59.1;-12.94839333;-38.42836167
59;-12.94839167;-38.428345
58.9;-12.94839167;-38.42833
58.8;-12.94839167;-38.428315
58.9;-12.94839;-38.4283
60;-12.94839;-38.42828333
59.2;-12.94839;-38.42826833
58.6;-12.94839167;-38.42825333
58.7;-12.94839333;-38.42823833
59.2;-12.94839333;-38.42822333
59.1;-12.948395;-38.42820667
59;-12.948395;-38.42819167
58.8;-12.94839667;-38.42817667
58.9;-12.94839667;-38.42816167
58.9;-12.94839667;-38.42814667
58.9;-12.94839833;-38.42813167
59.7;-12.94839833;-38.42811667
59.1;-12.94839833;-38.42810167
58.8;-12.9484;-38.42808667
58.9;-12.9484;-38.42807
59.2;-12.9484;-38.428055
59.3;-12.94840167;-38.42804
59.4;-12.94840333;-38.428025
59.3;-12.94840333;-38.42800833
59.2;-12.94840333;-38.42799333
59.3;-12.948405;-38.42797667
58.9;-12.948405;-38.42796167
59.2;-12.948405;-38.427945
59.3;-12.94840667;-38.42793
59.3;-12.94840667;-38.427915
58.9;-12.94840833;-38.4279
58.8;-12.94841;-38.427885
58.9;-12.94841167;-38.42787
59;-12.94841333;-38.427855
59;-12.948415;-38.42783833
58.5;-12.948415;-38.42782333
58.4;-12.948415;-38.42780833
58.3;-12.94841667;-38.42779333
58.2;-12.948415;-38.42777667
58.2;-12.94841667;-38.42776167
57.9;-12.94841667;-38.42774667
58.7;-12.94841833;-38.42773167
58.5;-12.94841833;-38.427715
58.2;-12.94842;-38.4277
58.2;-12.94842167;-38.42768333
57.7;-12.94842167;-38.42766833
57.7;-12.94842333;-38.42765333
57.2;-12.948425;-38.42763833
57.3;-12.94842667;-38.42762333
57.4;-12.94842833;-38.42760667
57.5;-12.94843;-38.42759333
57.5;-12.94843167;-38.42757833
56.9;-12.94843333;-38.42756333
56.5;-12.948435;-38.42754833
56.5;-12.94843833;-38.42753333
56.5;-12.94844;-38.42752
56.6;-12.94844333;-38.427505
57.6;-12.948445;-38.42749
57.9;-12.94844833;-38.427475
55.4;-12.94845167;-38.42746167
55.9;-12.94845333;-38.42744667
55.6;-12.94845667;-38.42743333
55.6;-12.94845833;-38.42741833
55;-12.94846;-38.42740333
54.5;-12.94846333;-38.42739
54.2;-12.948465;-38.427375
54.1;-12.94846833;-38.42736167
53.8;-12.94847;-38.42734833
53.3;-12.94847333;-38.427335
53.2;-12.948475;-38.42732167
52.5;-12.94847667;-38.42730667
52;-12.94847833;-38.42729333
51.5;-12.94848;-38.42728
51.4;-12.94848167;-38.42726667
50.9;-12.94848333;-38.42725333
50.5;-12.948485;-38.42724
50.4;-12.94848667;-38.42722833
49.6;-12.94849;-38.427215
48.1;-12.94849167;-38.42720333
46.3;-12.948495;-38.42719167
45.3;-12.94849667;-38.42718
44.3;-12.94849833;-38.42717
43;-12.94850167;-38.42715833
41.3;-12.94850333;-38.42715
40.2;-12.948505;-38.42713833
39.3;-12.94850667;-38.42713
38.2;-12.94851;-38.42712
37.1;-12.94851167;-38.42711167
36.3;-12.94851333;-38.42710167
35.9;-12.94851333;-38.42709333
34.9;-12.948515;-38.42708333
34.3;-12.948515;-38.427075
34.2;-12.94851667;-38.42706667
33.6;-12.94851667;-38.42705667
32.9;-12.94851833;-38.42704833
32.4;-12.94851833;-38.42704
31.5;-12.94852;-38.42703167
30.9;-12.94852;-38.42702333
29.4;-12.94852;-38.42701667
29;-12.94852;-38.42700833
27.9;-12.94852;-38.42700167
27.6;-12.94852;-38.42699333
27.6;-12.94852;-38.42698667
27.7;-12.94852;-38.42698
27.5;-12.94852;-38.42697333
26.8;-12.94851833;-38.426965
26.5;-12.94851667;-38.42695833
26.4;-12.94851667;-38.42695167
26.4;-12.948515;-38.426945
26.4;-12.94851333;-38.42693833
26.3;-12.94851167;-38.42693167
26.2;-12.94851167;-38.42692667
26.2;-12.94851;-38.42692
26.4;-12.94850833;-38.42691333
26.4;-12.948505;-38.42690667
26.4;-12.94850333;-38.4269
26.6;-12.94850167;-38.42689333
26.7;-12.94849833;-38.42688833
26.8;-12.948495;-38.42688167
27.2;-12.94849167;-38.42687667
27.2;-12.94848667;-38.42687
26.7;-12.94848333;-38.426865
26.8;-12.94847833;-38.42686
26.8;-12.94847333;-38.426855
27.1;-12.94847;-38.42685
27.6;-12.948465;-38.426845
27.6;-12.94845833;-38.42684
27.6;-12.94845333;-38.426835
28;-12.94844833;-38.42683167
28.2;-12.94844333;-38.42682667
28.2;-12.94843667;-38.42682333
28.3;-12.94843;-38.42682
28.7;-12.948425;-38.426815
28.7;-12.94841833;-38.42681167
29;-12.94841167;-38.42680833
29.1;-12.948405;-38.426805
29.2;-12.94839833;-38.42680167
29.2;-12.94839167;-38.42679833
29.2;-12.948385;-38.42679667
28.8;-12.94837833;-38.42679333
29.1;-12.94837167;-38.42679167
29.1;-12.948365;-38.42679
29.1;-12.94835667;-38.42678667
29.2;-12.94835;-38.426785
28.1;-12.94834333;-38.42678333
28.2;-12.94833667;-38.42678167
28.2;-12.94832833;-38.42678167
28.3;-12.94832167;-38.42678
28.9;-12.948315;-38.42678
29.3;-12.94830833;-38.42678
29.6;-12.9483;-38.42678
30.1;-12.94829333;-38.42678
30.2;-12.948285;-38.42678
30.1;-12.94827833;-38.42678
30;-12.94827;-38.42678167
29.9;-12.94826333;-38.42678333
30;-12.948255;-38.42678333
29.9;-12.94824833;-38.426785
30.6;-12.94824167;-38.42678833
31.5;-12.94823333;-38.42679
32.4;-12.94822667;-38.42679333
33;-12.94821833;-38.42679667
33.6;-12.94821167;-38.4268
34.1;-12.94820333;-38.426805
34.6;-12.94819667;-38.42680833
35.3;-12.94818833;-38.42681333
35.7;-12.94818167;-38.42681833
35.8;-12.948175;-38.42682333
35.9;-12.94816667;-38.42682833
36.7;-12.94816;-38.42683333
37.7;-12.94815167;-38.42684
38.2;-12.948145;-38.42684667
38.3;-12.94813833;-38.42685333
38.9;-12.94813167;-38.42686
39;-12.94812333;-38.42686667
40;-12.94811667;-38.42687333
40.5;-12.94811;-38.42688167
40.6;-12.94810333;-38.42688833
40.9;-12.94809667;-38.42689667
41.4;-12.94809;-38.426905
41.9;-12.94808333;-38.42691333
42.3;-12.94807667;-38.42692167
42.7;-12.94807;-38.42693
43;-12.94806333;-38.42693833
43.1;-12.94805667;-38.42694667
44.1;-12.94805;-38.42695667
44.5;-12.94804167;-38.42696667
44.8;-12.948035;-38.42697667
44.9;-12.94802667;-38.42698833
45.3;-12.94801833;-38.42699833
45.5;-12.94801;-38.42701
46.4;-12.94800333;-38.42702167
46.8;-12.947995;-38.42703333
47.1;-12.94798667;-38.427045
47.1;-12.94798;-38.427055
48.1;-12.94797167;-38.42706833
48.6;-12.947965;-38.42708
48.7;-12.94795667;-38.42709167
49;-12.94795;-38.42710333
49;-12.94794167;-38.427115
49.8;-12.947935;-38.42712833
50.4;-12.94792667;-38.42714
50.4;-12.94792;-38.42715167
50.4;-12.94791333;-38.427165
50.9;-12.947905;-38.42717833
51.2;-12.94789833;-38.42719167
51.2;-12.94789;-38.427205
51.2;-12.94788333;-38.42721833
51.7;-12.94787667;-38.42723167
51.6;-12.94786833;-38.427245
52.2;-12.94786167;-38.42725833
52.3;-12.947855;-38.42727167
52.4;-12.94784667;-38.427285
52.3;-12.94784;-38.42729833
52.3;-12.94783167;-38.42731167
52.7;-12.94782333;-38.42732667
53.1;-12.94781667;-38.42734
53.1;-12.94780833;-38.42735333
53.1;-12.94780167;-38.42736667
53.1;-12.94779333;-38.42738
53.2;-12.94778667;-38.42739333
53;-12.94778;-38.42740667
53.9;-12.94777167;-38.42742
53;-12.947765;-38.42743333
53.1;-12.94775833;-38.427445
54.2;-12.94775167;-38.42745833
54.1;-12.947745;-38.42747
53.4;-12.94773833;-38.42748333
53.7;-12.94773167;-38.42749667
53.7;-12.947725;-38.42750833
54;-12.94771833;-38.42752167
53.5;-12.94771167;-38.427535
53.6;-12.947705;-38.42754833
54;-12.9477;-38.42756167
54.4;-12.94769333;-38.427575
54;-12.94768667;-38.42758833
53.5;-12.94768167;-38.42760167
53.4;-12.947675;-38.427615
54.6;-12.94767;-38.42763
54.1;-12.947665;-38.42764333
54.1;-12.94766;-38.42765667
54;-12.947655;-38.42767
54;-12.94765;-38.42768333
53.7;-12.947645;-38.42769833
53.7;-12.94764167;-38.42771333
53.7;-12.94763833;-38.42772667
53.2;-12.94763333;-38.42774167
53.3;-12.94762833;-38.42775667
53.4;-12.947625;-38.42777
53.5;-12.94762;-38.427785
53.9;-12.947615;-38.4278
53.8;-12.94761;-38.42781333
53.7;-12.947605;-38.42782833
53.7;-12.9476;-38.42784333
53.5;-12.94759667;-38.42785667
53.5;-12.94759167;-38.42787
53.5;-12.94758667;-38.427885
53.5;-12.94758333;-38.42789833
53.5;-12.94757833;-38.42791333
53.5;-12.947575;-38.42792667
53.8;-12.94757167;-38.42794
54.2;-12.94756833;-38.427955
54.6;-12.947565;-38.42796833
55;-12.94756;-38.42798333
55.1;-12.94755833;-38.42799667
55.1;-12.947555;-38.42801167
55.1;-12.94755167;-38.42802667
55;-12.94754833;-38.42804
54.5;-12.94754667;-38.428055
54.9;-12.94754333;-38.42806833
55;-12.94754167;-38.42808333
55;-12.94753833;-38.42809833
54.9;-12.94753667;-38.42811167
54.8;-12.947535;-38.42812667
54.4;-12.94753333;-38.42814
54.5;-12.94753167;-38.42815333
54.5;-12.94753167;-38.42816833
54.5;-12.94753;-38.42818167
54.3;-12.94753;-38.42819667
54.2;-12.94753;-38.42821
53.9;-12.94753;-38.428225
53.9;-12.94753;-38.42824
53.8;-12.94753;-38.42825333
53.7;-12.94753;-38.42826833
54.2;-12.94752833;-38.42828167
54.2;-12.94752833;-38.42829667
54.1;-12.94752833;-38.42831167
54.2;-12.94753;-38.428325
53.6;-12.94752833;-38.42834
53.9;-12.94752833;-38.428355
53.9;-12.94752833;-38.42837
54;-12.94752833;-38.42838333
54;-12.94752833;-38.42839833
53.8;-12.94752833;-38.42841333
53.9;-12.94752833;-38.42842833
53.8;-12.94752833;-38.42844167
53.1;-12.94752833;-38.42845667
53.2;-12.94752833;-38.42847
52.8;-12.94752833;-38.428485
53.5;-12.94752833;-38.42849833
52.8;-12.94752833;-38.42851333
52.3;-12.94752833;-38.428525
52.7;-12.94752833;-38.42853833
52.7;-12.94752833;-38.42855167
52.8;-12.94752833;-38.428565
52.8;-12.94752833;-38.42857667
52.9;-12.94752833;-38.42859
52.9;-12.94752833;-38.42860333
52.6;-12.94753;-38.428615
52.6;-12.94753;-38.42862833
52.6;-12.94753167;-38.42864167
52.5;-12.94753333;-38.42865333
52.4;-12.947535;-38.42866667
52.4;-12.947535;-38.42868
52.4;-12.94753667;-38.42869167
52.1;-12.94753833;-38.428705
52.6;-12.94754;-38.42871667
52.6;-12.94754167;-38.42873
52.6;-12.947545;-38.42874333
52.1;-12.94754667;-38.42875667
52.2;-12.94755;-38.42877
51.9;-12.94755333;-38.42878333
51.9;-12.94755667;-38.42879667
51.9;-12.94755833;-38.42881
52;-12.94756167;-38.42882333
52.5;-12.947565;-38.42883667
52.4;-12.94756667;-38.42885167
51.9;-12.94757167;-38.428865
52;-12.94757333;-38.42887833
52;-12.94757667;-38.42889167
52;-12.94758;-38.428905
52;-12.94758333;-38.42891833
52.3;-12.947585;-38.42893167
51.7;-12.94758833;-38.428945
52.1;-12.94759167;-38.42895833
51.7;-12.947595;-38.42897167
51.7;-12.94759833;-38.42898333
51.6;-12.94760167;-38.42899667
51.5;-12.947605;-38.42901
51.4;-12.94760667;-38.42902333
51.3;-12.94761;-38.429035
51.2;-12.94761333;-38.42904833
50.9;-12.94761667;-38.42906
50.9;-12.94762;-38.42907167
50.9;-12.94762333;-38.42908333
50.8;-12.94762667;-38.42909667
50.8;-12.94763167;-38.42910833
50.8;-12.947635;-38.42912
50.9;-12.94763833;-38.42913333
51.2;-12.94764167;-38.429145
51.3;-12.947645;-38.42915667
51.4;-12.94764833;-38.42917
51.4;-12.94765333;-38.42918167
51.3;-12.94765667;-38.42919333
50.9;-12.94766;-38.42920667
50.9;-12.947665;-38.42921833
50.8;-12.94766833;-38.42923167
50.8;-12.94767333;-38.429245
50.7;-12.94767833;-38.42925667
50.6;-12.94768167;-38.42927
50.5;-12.94768667;-38.42928167
50.5;-12.94769;-38.429295
50.5;-12.947695;-38.42930667
50.5;-12.94769833;-38.42932
50.2;-12.94770333;-38.42933167
50.3;-12.94770833;-38.429345
50.4;-12.94771167;-38.42935667
50.5;-12.94771667;-38.42936833
50.4;-12.94772167;-38.42938
50.4;-12.94772667;-38.42939167
50.4;-12.94773333;-38.429405
50.5;-12.94773833;-38.42941667
50.5;-12.94774333;-38.42942833
50.6;-12.94774833;-38.42944167
50.6;-12.94775333;-38.42945333
50.7;-12.94776;-38.429465
50.8;-12.947765;-38.42947667
50.9;-12.94777;-38.42948833
51.2;-12.947775;-38.42950167
51.1;-12.94778;-38.42951333
51.1;-12.947785;-38.429525
50.8;-12.94779;-38.42953667
50.9;-12.947795;-38.42954833
50.9;-12.9478;-38.42956
51;-12.947805;-38.42957167
51.1;-12.94781;-38.42958333
51.1;-12.94781667;-38.429595
51.1;-12.94782167;-38.42960667
51.1;-12.94782667;-38.42961833
50.7;-12.94783167;-38.42963
50.6;-12.94783667;-38.42964167
50.6;-12.94784167;-38.42965333
50.7;-12.94784667;-38.42966667
50.8;-12.94785167;-38.42967833
50.8;-12.94785667;-38.42969
50.9;-12.94786167;-38.42970333
50.9;-12.94786833;-38.429715
50.8;-12.94787333;-38.42972667
50.8;-12.94787833;-38.42973833
50.8;-12.94788333;-38.42975
51.1;-12.94788833;-38.42976167
51.1;-12.94789333;-38.42977333
51;-12.94789833;-38.42978667
50.7;-12.94790333;-38.42979833
50.7;-12.94790833;-38.42981
50.7;-12.94791333;-38.42982333
50.7;-12.94792;-38.429835
50.6;-12.947925;-38.42984833
50.7;-12.94793;-38.42986
50.7;-12.947935;-38.42987333
50.4;-12.94794167;-38.429885
50.5;-12.94794667;-38.42989667
50.6;-12.94795167;-38.42990833
50.5;-12.94795833;-38.42992167
50.5;-12.94796333;-38.42993333
50.5;-12.94797;-38.429945
50.5;-12.947975;-38.42995667
50.5;-12.94798;-38.42996833
50.5;-12.94798667;-38.42998167
50.1;-12.94799167;-38.42999333
50.1;-12.94799667;-38.430005
50;-12.94800333;-38.43001667
49.9;-12.94800833;-38.43002833
49.5;-12.948015;-38.43003833
49.4;-12.94802;-38.43005
49.3;-12.94802667;-38.43006167
49.3;-12.94803167;-38.430075
49.3;-12.94803833;-38.43008667
49.4;-12.94804333;-38.43009833
49.4;-12.94804833;-38.43011167
49.4;-12.948055;-38.43012333
49.4;-12.94806;-38.430135
49.4;-12.94806667;-38.43014667
49.3;-12.94807167;-38.43015833
49.3;-12.94807833;-38.43017
49.3;-12.94808333;-38.43018167
49.3;-12.94809;-38.43019333
49.3;-12.94809667;-38.43020333
49.3;-12.94810333;-38.430215
49.7;-12.94810833;-38.43022667
49.3;-12.948115;-38.43023833
49.2;-12.94812167;-38.43025
49.2;-12.94812667;-38.43026
49.1;-12.94813167;-38.43027167
49;-12.94813833;-38.43028333
48.9;-12.94814333;-38.430295
48.9;-12.94814833;-38.43030667
48.9;-12.94815333;-38.43031833
48.9;-12.94816;-38.43033
49;-12.948165;-38.43034167
49.1;-12.94817;-38.43035333
49.2;-12.948175;-38.430365
49.2;-12.94818167;-38.430375
49.2;-12.94818667;-38.43038667
49.3;-12.94819333;-38.43039667
49.3;-12.94819833;-38.43040833
49.4;-12.948205;-38.43041833
49.4;-12.94821;-38.43042833
49.5;-12.948215;-38.43044
49.5;-12.94822;-38.43045
49.5;-12.94822667;-38.43046
49.5;-12.94823167;-38.43047
49.5;-12.94823667;-38.43048
49.4;-12.94824333;-38.43049167
49.4;-12.94825;-38.43050167
49.5;-12.948255;-38.43051167
49.5;-12.94826167;-38.43052333
49.6;-12.94826833;-38.430535
49.6;-12.94827667;-38.430545
49.7;-12.94828333;-38.43055667
49.6;-12.94829;-38.43056667
49.6;-12.94829667;-38.43057833
49.5;-12.94830333;-38.43058833
49.5;-12.94830833;-38.4306
49.5;-12.948315;-38.43061167
49.6;-12.94832167;-38.43062333
50;-12.94832667;-38.430635
49.9;-12.94833333;-38.43064667
49.8;-12.94834;-38.43065833
49.8;-12.948345;-38.43067
49.8;-12.94835167;-38.43068
49.7;-12.94835833;-38.43069167
49.7;-12.94836333;-38.43070167
49.6;-12.94837;-38.43071333
49.6;-12.94837667;-38.43072333
49.6;-12.94838167;-38.430735
49.5;-12.94838833;-38.43074667
49.6;-12.94839333;-38.43075667
49.5;-12.9484;-38.43076833
49.5;-12.948405;-38.43077833
49.4;-12.94841;-38.43079
49.1;-12.94841667;-38.4308
49;-12.94842167;-38.43081167
48.9;-12.94842667;-38.43082333
48.8;-12.94843333;-38.43083333
48.7;-12.94843833;-38.430845
48.5;-12.948445;-38.43085667
48.4;-12.94845167;-38.43086667
48.3;-12.94845833;-38.43087833
48.2;-12.948465;-38.43088833
48.1;-12.94847167;-38.43089833
48.1;-12.94847833;-38.43091
48;-12.948485;-38.43092167
47.9;-12.94849;-38.43093167
47.2;-12.94849667;-38.43094333
46.7;-12.94850167;-38.430955
46.7;-12.94850833;-38.43096667
46.7;-12.94851333;-38.43097667
46.7;-12.94851833;-38.43098833
46.6;-12.94852333;-38.431
46.6;-12.94853;-38.43101
46.2;-12.94853333;-38.43102167
46.2;-12.94854;-38.43103167
45.7;-12.94854333;-38.43104167
45.8;-12.94854833;-38.43105167
45.2;-12.94855167;-38.43106167
45.3;-12.948555;-38.43107333
45.3;-12.94856;-38.43108333
45.2;-12.94856333;-38.43109333
44.2;-12.94856667;-38.431105
43.8;-12.94857;-38.431115
43.8;-12.94857167;-38.431125
43.3;-12.948575;-38.43113667
43.4;-12.94857833;-38.43114667
43.3;-12.94858;-38.43115667
42.9;-12.94858333;-38.43116667
42.5;-12.948585;-38.43117833
42.6;-12.94858833;-38.43118833
42.6;-12.94859167;-38.4312
42.6;-12.94859333;-38.43121
42.6;-12.94859667;-38.43122
42.5;-12.94859833;-38.43123
42.4;-12.9486;-38.43124
42;-12.94860333;-38.43125
41.9;-12.948605;-38.43126
41.5;-12.94860833;-38.43127
41.2;-12.94861;-38.43128
41.1;-12.94861333;-38.43129167
40.7;-12.94861667;-38.43130167
40.6;-12.94861833;-38.43131167
40.2;-12.94862167;-38.43132167
39.9;-12.948625;-38.43133167
39.2;-12.94862667;-38.43134167
38.8;-12.94863167;-38.43135167
38;-12.948635;-38.43136
38.1;-12.94863833;-38.43137
38.1;-12.94864333;-38.43137833
38.1;-12.94864667;-38.43138833
38.1;-12.94865;-38.43139667
37.7;-12.94865333;-38.43140667
37.7;-12.94865667;-38.431415
37.3;-12.94866167;-38.43142333
37;-12.948665;-38.43143167
37;-12.94867;-38.43144
37;-12.94867333;-38.43144833
36.9;-12.94867833;-38.431455
36.9;-12.94868333;-38.43146333
36.8;-12.94868667;-38.43147167
36.8;-12.94869167;-38.43148
36.8;-12.94869667;-38.43148667
36.8;-12.94870333;-38.43149333
36.8;-12.94871;-38.43150167
36.1;-12.94871667;-38.43150833
36.6;-12.94872333;-38.431515
36.6;-12.94873;-38.43152167
36.6;-12.94873667;-38.43152833
36.4;-12.94874333;-38.431535
36.4;-12.94875167;-38.43154167
36;-12.94876;-38.43154833
35.5;-12.94876667;-38.431555
35.5;-12.94877167;-38.43156167
35.6;-12.94877833;-38.43156833
36;-12.948785;-38.43157333
36.7;-12.94879167;-38.43158
36.6;-12.94879833;-38.43158667
36.4;-12.94880667;-38.43159333
36.5;-12.94881333;-38.43159833
36.5;-12.94882;-38.431605
36.5;-12.94882667;-38.43161
36.5;-12.948835;-38.431615
37.7;-12.94884167;-38.43162167
38;-12.94885;-38.43162667
38.5;-12.94885833;-38.43163167
38.8;-12.94886667;-38.43163667
38.8;-12.948875;-38.43164333
38.8;-12.94888167;-38.43164833
38.8;-12.94889;-38.43165333
38.7;-12.9489;-38.43165833
38.6;-12.94890833;-38.43166333
38.6;-12.94891667;-38.43166667
38.5;-12.94892667;-38.43167167
38.2;-12.948935;-38.431675
38.1;-12.948945;-38.43168
37.7;-12.94895333;-38.43168333
37.7;-12.94896333;-38.431685
37.7;-12.94897167;-38.43168833
37.5;-12.94898;-38.43169167
37.2;-12.94899;-38.431695
37;-12.94899833;-38.43169667
36.5;-12.94900833;-38.43169833
36.2;-12.94901667;-38.4317
35.8;-12.949025;-38.43170167
35.7;-12.949035;-38.431705
35.7;-12.94904333;-38.43170667
35.4;-12.94905167;-38.43170833
35.3;-12.94906;-38.43171
35.3;-12.94907;-38.43171167
35.2;-12.94907833;-38.43171333
35.2;-12.94908667;-38.431715
35.3;-12.949095;-38.431715
35.2;-12.949105;-38.43171667
35.2;-12.94911333;-38.43171667
35.4;-12.94912167;-38.43171833
35.5;-12.94913;-38.43171833
35.8;-12.94914;-38.43171833
35.8;-12.94914833;-38.43171833
35.8;-12.94915833;-38.43171667
35.9;-12.94916667;-38.43171667
36;-12.949175;-38.43171667
36;-12.949185;-38.431715
36;-12.94919333;-38.43171333
36;-12.94920167;-38.43171167
36.8;-12.94921167;-38.43171
36.8;-12.94922;-38.43170833
36.9;-12.94923;-38.43170667
37.5;-12.94923833;-38.43170333
37.9;-12.94924833;-38.43170167
38.6;-12.94925667;-38.43169833
38.6;-12.94926667;-38.431695
39.3;-12.949275;-38.43169167
39.8;-12.949285;-38.43168833
39.9;-12.94929333;-38.431685
40;-12.94930333;-38.43168167
40.3;-12.94931167;-38.43167833
40.4;-12.94932167;-38.43167333
40.8;-12.94933167;-38.43167
41.5;-12.94934;-38.431665
41.6;-12.94935;-38.43166
42.1;-12.94935833;-38.431655
42.1;-12.94936833;-38.43164833
42.5;-12.94937667;-38.43164167
42.9;-12.94938667;-38.43163333
42.9;-12.949395;-38.431625
43.1;-12.949405;-38.43161833
43.5;-12.949415;-38.43161
43.6;-12.94942333;-38.43160167
43.9;-12.94943333;-38.43159333
44.3;-12.94944333;-38.43158667
44.4;-12.94945167;-38.43157833
44.5;-12.94946;-38.43157167
44.5;-12.94947;-38.43156333
44.6;-12.94947833;-38.431555
44.7;-12.94948833;-38.43154667
44.7;-12.94949667;-38.43153833
44.8;-12.949505;-38.43153167
44.9;-12.949515;-38.43152333
45.8;-12.94952333;-38.431515
45.5;-12.94953333;-38.43150667
45.1;-12.94954167;-38.43149833
44.8;-12.94955167;-38.43148833
44.7;-12.94956;-38.43148
45.1;-12.94956667;-38.43147167
45.2;-12.949575;-38.43146167
45;-12.94958333;-38.43145167
44.7;-12.94959167;-38.43144333
44.8;-12.94959833;-38.43143333
44.8;-12.94960667;-38.43142333
44.7;-12.94961333;-38.43141333
44.7;-12.94962;-38.43140333
44.7;-12.94962667;-38.43139167
44.6;-12.94963333;-38.43138167
44.6;-12.94964;-38.43137167
43.7;-12.94964667;-38.43136167
43.7;-12.94965333;-38.43135167
42.7;-12.94965833;-38.43134167
42.3;-12.949665;-38.43133
42.3;-12.94967;-38.43132
41.9;-12.94967333;-38.43130833
42;-12.94967833;-38.43129667
42.7;-12.94968167;-38.43128333
43.1;-12.949685;-38.43127167
43.7;-12.94968833;-38.43125833
44.2;-12.94969167;-38.431245
44.2;-12.94969333;-38.43123333
44.2;-12.949695;-38.43121833
44.7;-12.94969667;-38.431205
45;-12.94969833;-38.43119
45.1;-12.94969833;-38.43117667
45.1;-12.9497;-38.43116167
45.1;-12.94970167;-38.43114667
45.1;-12.94970167;-38.43113333
45.2;-12.94970333;-38.43111833
45.3;-12.949705;-38.431105
45.3;-12.949705;-38.43109167
45;-12.94970667;-38.43107833
44.4;-12.94970667;-38.43106667
44.1;-12.94970833;-38.431055
44;-12.94970833;-38.43104333
43.9;-12.94970833;-38.43103167
43.9;-12.94970833;-38.43102
43.9;-12.94970667;-38.43100833
43.2;-12.949705;-38.43099667
43.3;-12.94970333;-38.43098333
43.2;-12.94970167;-38.43097167
43.2;-12.94969833;-38.43096
43.4;-12.94969333;-38.43095
43.6;-12.94969;-38.43093833
44.5;-12.949685;-38.43092667
45;-12.94968;-38.43091333
45.8;-12.949675;-38.4309
45.9;-12.94967;-38.43088833
45.8;-12.94966333;-38.43087667
45.8;-12.94965667;-38.430865
45.8;-12.94965167;-38.430855
45.5;-12.94964333;-38.43084333
45.4;-12.94963667;-38.43083167
45.4;-12.94963;-38.43082167
45.4;-12.94962333;-38.43081167
46;-12.949615;-38.4308
46;-12.94960833;-38.43079
46.4;-12.9496;-38.43078
47;-12.94959167;-38.43076833
47.7;-12.94958333;-38.43075833
47.8;-12.949575;-38.43074833
47.9;-12.94956667;-38.43073833
47.9;-12.94955667;-38.43072833
47.9;-12.94954833;-38.43071833
47.8;-12.94953833;-38.43070833
47.8;-12.94952833;-38.4307
48.3;-12.94951833;-38.43069
48.3;-12.94950833;-38.43068167
48.7;-12.94949833;-38.43067333
48.7;-12.94948833;-38.430665
49.1;-12.94947667;-38.430655
49.7;-12.94946667;-38.43064667
50.2;-12.949455;-38.43063667
50.2;-12.949445;-38.43062833
50.5;-12.949435;-38.43062
50.6;-12.94942333;-38.43061
50.4;-12.94941333;-38.43060167
50.6;-12.94940333;-38.43059333
51.1;-12.94939333;-38.430585
51;-12.94938333;-38.43057667
51;-12.94937333;-38.43056833
51;-12.94936333;-38.43056
51;-12.94935333;-38.43055167
51.5;-12.94934333;-38.43054333
51.5;-12.94933333;-38.430535
52;-12.94932333;-38.43052667
52.2;-12.94931167;-38.43051833
52.5;-12.94930167;-38.43051
52;-12.94929;-38.43050167
51.9;-12.94928;-38.43049333
51.8;-12.94927;-38.43048333
51.9;-12.94925833;-38.430475
51.9;-12.94924833;-38.430465
52.3;-12.94923667;-38.43045667
52.9;-12.94922667;-38.43044833
52.4;-12.94921667;-38.43043833
52.4;-12.94920833;-38.43042833
52.7;-12.94919833;-38.43041833
52.8;-12.94919;-38.43040833
52.9;-12.94918;-38.43039833
52.9;-12.94917167;-38.43038833
53.2;-12.94916333;-38.43037833
53.4;-12.94915333;-38.43036833
53.4;-12.949145;-38.43035667
53.5;-12.94913667;-38.43034667
54;-12.94912667;-38.430335
53.7;-12.94911833;-38.430325
54.1;-12.94911;-38.43031333
54.1;-12.9491;-38.43030167
54.6;-12.94909;-38.43029
54.7;-12.94908167;-38.43027833
54.7;-12.94907333;-38.43026833
54.6;-12.949065;-38.43025667
54.7;-12.94905667;-38.430245
54.8;-12.94904833;-38.43023333
54.8;-12.94904;-38.43022333
54.9;-12.94903167;-38.43021167
55.4;-12.94902333;-38.4302
55.3;-12.949015;-38.43018833
55.1;-12.94900833;-38.43017667
55.3;-12.949;-38.430165
55.4;-12.94899333;-38.43015333
55.4;-12.948985;-38.43014333
55.4;-12.94897833;-38.43013167
55.4;-12.94897;-38.43012
55.4;-12.94896333;-38.43011
55.4;-12.948955;-38.43009833
55.7;-12.94894833;-38.430085
55.6;-12.94894167;-38.43007333
55.7;-12.94893333;-38.43006167
55.8;-12.94892667;-38.43005
55.8;-12.94891833;-38.43003833
56.3;-12.94891167;-38.430025
56;-12.948905;-38.43001333
56;-12.94889667;-38.43000167
56.4;-12.94889;-38.42999
56.3;-12.94888333;-38.42997667
56;-12.948875;-38.429965
56.1;-12.94886833;-38.42995333
56.2;-12.94886167;-38.42994
56.1;-12.948855;-38.42992833
56;-12.94884833;-38.42991667
56;-12.94884167;-38.42990333
56.3;-12.94883333;-38.42989
56.3;-12.94882667;-38.42987833
56.3;-12.94881833;-38.429865
56.3;-12.94881167;-38.42985333
56;-12.948805;-38.42984
56;-12.94879667;-38.42982667
56.2;-12.94879;-38.429815
56.2;-12.94878167;-38.42980167
56.2;-12.948775;-38.42979
56.3;-12.94876667;-38.42977667
56.4;-12.94876;-38.429765
56.3;-12.94875333;-38.42975167
56.2;-12.94874667;-38.42974
56.2;-12.94874;-38.42972667
56.2;-12.94873333;-38.429715
56.2;-12.94872667;-38.42970167
56.2;-12.94872;-38.42969
56.5;-12.94871333;-38.42967667
56.5;-12.94870667;-38.429665
56.3;-12.9487;-38.42965167
56.3;-12.94869333;-38.42964
56.3;-12.94868667;-38.42962667
56.4;-12.94867833;-38.429615
56.4;-12.94867167;-38.42960167
56.4;-12.948665;-38.42959
56;-12.94865833;-38.42957833
56.5;-12.94865167;-38.429565
56.4;-12.948645;-38.42955333
56.4;-12.94864;-38.42954
56.3;-12.94863333;-38.42952667
56.5;-12.94862667;-38.42951333
56.5;-12.94862;-38.4295
56.5;-12.94861333;-38.42948667
56.5;-12.94860833;-38.42947167
56.2;-12.94860167;-38.42945833
56.6;-12.94859667;-38.42944333
56.5;-12.94859167;-38.42943
56.6;-12.948585;-38.429415
56.5;-12.94858;-38.42940167
56.5;-12.948575;-38.42938833
56.5;-12.94857;-38.42937333
56.5;-12.948565;-38.42935833
56.5;-12.94856;-38.429345
56.4;-12.948555;-38.42933
57.2;-12.94855167;-38.42931667
56.9;-12.94854667;-38.42930167
56.8;-12.94854333;-38.42928667
56.4;-12.94854;-38.42927333
56.5;-12.948535;-38.42925833
56.6;-12.94853167;-38.429245
56.7;-12.94852833;-38.42923
56.7;-12.94852333;-38.42921667
56.3;-12.94852;-38.42920167
56.4;-12.948515;-38.42918833
56.5;-12.94851167;-38.42917333
56.1;-12.94850833;-38.42916
56.6;-12.948505;-38.429145
57;-12.9485;-38.42913167
56.6;-12.94849667;-38.42911667
56.7;-12.94849333;-38.42910333
56.8;-12.94849;-38.42908833
56.9;-12.94848667;-38.42907333
57.2;-12.94848333;-38.42905833
57.3;-12.94848;-38.429045
57.2;-12.94847667;-38.42903
57.2;-12.94847333;-38.429015
57.5;-12.94847;-38.429
57.4;-12.94846667;-38.428985
57.3;-12.948465;-38.42897
57.4;-12.94846167;-38.428955
57.4;-12.94845833;-38.42894
57.3;-12.948455;-38.42892667
57.3;-12.94845167;-38.42891167
57.2;-12.94844833;-38.42889667
56.7;-12.948445;-38.42888333
56.8;-12.94844167;-38.42886833
56.7;-12.94843833;-38.42885333
56.7;-12.94843667;-38.42883833
57.1;-12.94843333;-38.42882333
57.2;-12.94843;-38.42880833
57.2;-12.94842833;-38.42879333
57.1;-12.948425;-38.42877833
57.2;-12.94842333;-38.42876333
57.1;-12.94842167;-38.42874833
56.2;-12.94841833;-38.428735
56.3;-12.94841667;-38.42872
55.8;-12.94841333;-38.428705
55.7;-12.94841167;-38.42869
55.7;-12.94841;-38.428675
55.7;-12.94840833;-38.42865833
55.1;-12.94840667;-38.42864333
55.1;-12.948405;-38.42862833
56.2;-12.94840333;-38.42861167
56;-12.94840167;-38.428595
55.5;-12.9484;-38.42858
55.8;-12.9484;-38.428565
55.8;-12.9484;-38.42855
55.9;-12.9484;-38.42853333
56;-12.94839833;-38.42851833
56;-12.94839833;-38.42850333
55.9;-12.94839833;-38.42848833
56;-12.94839833;-38.42847333
56;-12.94839833;-38.42845833
56.1;-12.94839667;-38.42844333
56.6;-12.948395;-38.42842833
56.6;-12.948395;-38.42841333
56.5;-12.948395;-38.42839833
56.5;-12.948395;-38.428385
57.2;-12.948395;-38.42837
57.2;-12.94839667;-38.428355
57.1;-12.94839667;-38.42834
57;-12.94839667;-38.428325
56.9;-12.94839833;-38.42831
57;-12.94839667;-38.42829333
57.2;-12.94839667;-38.42827833
57.3;-12.94839833;-38.42826333
57.4;-12.94839833;-38.42824833
57.5;-12.94839833;-38.42823333
57.7;-12.94839833;-38.42821833
58;-12.94839833;-38.42820333
58;-12.94839833;-38.42818833
58;-12.94839833;-38.42817333
58.2;-12.9484;-38.42815833
58.1;-12.9484;-38.42814333
58.4;-12.9484;-38.42812833
58.4;-12.9484;-38.42811167
59;-12.9484;-38.42809667
59;-12.9484;-38.42808167
58.6;-12.9484;-38.42806667
58.7;-12.9484;-38.42805167
58.7;-12.94840167;-38.42803667
58.6;-12.94840167;-38.42802167
58.7;-12.94840167;-38.428005
58.8;-12.94840167;-38.42799
59.1;-12.94840167;-38.427975
58.8;-12.94840167;-38.42795833
58.9;-12.94840167;-38.42794333
59.4;-12.94840333;-38.42792833
59.4;-12.94840333;-38.42791333
59.2;-12.94840333;-38.42789833
59.2;-12.94840333;-38.42788333
59.5;-12.948405;-38.42787
59.4;-12.948405;-38.427855
59.5;-12.94840667;-38.42784
59.6;-12.94840667;-38.427825
59.7;-12.94840667;-38.42781
59.7;-12.94840667;-38.427795
59.7;-12.94840667;-38.42778
59.7;-12.94840667;-38.427765
59.4;-12.94840833;-38.42775
59.7;-12.94841;-38.42773667
59.7;-12.94841167;-38.42772333
59;-12.94841333;-38.42770833
59;-12.94841333;-38.42769333
59;-12.948415;-38.42767833
58.7;-12.94841667;-38.427665
57.9;-12.94841667;-38.42765
58.6;-12.94841833;-38.427635
59.3;-12.94842;-38.42762
59;-12.94842;-38.427605
59;-12.94842167;-38.42759
58.6;-12.94842333;-38.427575
58.6;-12.948425;-38.42756
58.2;-12.94842667;-38.42754667
58.1;-12.94842833;-38.42753167
58;-12.94843;-38.42751833
57.5;-12.94843167;-38.427505
56.5;-12.94843333;-38.42749
55.9;-12.948435;-38.42747667
55.8;-12.94843667;-38.42746333
55.1;-12.94843833;-38.42745
55;-12.94844;-38.427435
54.5;-12.94844167;-38.42742167
54.4;-12.94844333;-38.42740833
53.7;-12.948445;-38.427395
53.6;-12.94844667;-38.42738333
53.3;-12.94844833;-38.42737
53.2;-12.94845;-38.42735667
53.1;-12.94845167;-38.42734333
52.9;-12.94845333;-38.42733167
52.6;-12.94845333;-38.42731833
52.5;-12.948455;-38.427305
52.1;-12.94845667;-38.42729333
51.8;-12.94845667;-38.42728
51.4;-12.94845833;-38.42726667
50.7;-12.94845833;-38.427255
50.1;-12.94846;-38.42724167
50;-12.94846;-38.42723
49.3;-12.94846;-38.42721833
48.4;-12.94846;-38.42720667
47.6;-12.94846;-38.427195
46.6;-12.94846;-38.42718333
45.6;-12.94846167;-38.42717167
44.6;-12.94846167;-38.42716167
43.9;-12.94846333;-38.42715
43;-12.94846333;-38.42714
42.2;-12.94846333;-38.42713
41.2;-12.94846333;-38.42712
40.3;-12.948465;-38.42711167
39.2;-12.948465;-38.42710333
38.2;-12.948465;-38.427095
37;-12.948465;-38.42708667
36;-12.94846667;-38.42707667
35.1;-12.94846667;-38.42706833
34.4;-12.94846833;-38.42705833
33;-12.94846833;-38.42705
32;-12.94847;-38.42704167
31.1;-12.94847;-38.42703333
30.5;-12.94847167;-38.427025
29.6;-12.94847167;-38.42701833
28.9;-12.94847167;-38.42701
28;-12.94847167;-38.42700333
27.8;-12.94847167;-38.426995
27.7;-12.94847167;-38.42698833
26.9;-12.94847167;-38.42698167
26.5;-12.94847167;-38.426975
26.4;-12.94847167;-38.42696833
26.1;-12.94847167;-38.42696167
25.8;-12.94847;-38.426955
25.1;-12.94847;-38.42694833
24.4;-12.94846833;-38.42694167
23.9;-12.94846833;-38.426935
23.8;-12.94846667;-38.42693
23.7;-12.94846667;-38.42692333
23.8;-12.948465;-38.42691833
24.6;-12.94846333;-38.42691167
25.2;-12.94846167;-38.426905
24.3;-12.94846;-38.4269
24.7;-12.94845833;-38.42689333
24.7;-12.94845667;-38.42688667
24.9;-12.948455;-38.42688167
24.8;-12.94845167;-38.426875
24.8;-12.94844833;-38.42687
24.9;-12.94844667;-38.426865
24.9;-12.94844167;-38.42685833
24.6;-12.94843833;-38.42685333
24.1;-12.948435;-38.42684833
24.1;-12.94843167;-38.42684333
24.1;-12.94842833;-38.42684
24.2;-12.94842333;-38.426835
24.7;-12.94842;-38.42683
25;-12.948415;-38.42682667
25.4;-12.94841;-38.42682167
25.4;-12.948405;-38.42681833
25.5;-12.9484;-38.426815
25.4;-12.94839333;-38.42681
25.6;-12.94838833;-38.42680667
25.6;-12.94838333;-38.42680333
25.6;-12.94837667;-38.42680167
25.7;-12.94837167;-38.42679833
25.3;-12.94836667;-38.426795
25.7;-12.94836;-38.42679167
25.7;-12.948355;-38.42679
25.3;-12.94834833;-38.42678667
24.9;-12.94834167;-38.426785
24.9;-12.94833667;-38.42678167
24.9;-12.94833;-38.42678
24.5;-12.948325;-38.42677833
24.5;-12.94831833;-38.42677667
24.4;-12.94831333;-38.42677333
24.1;-12.94830667;-38.42677167
23.7;-12.94830167;-38.42677
23.3;-12.948295;-38.42677
22.9;-12.94829;-38.42676833
22.6;-12.94828333;-38.42676667
22.3;-12.94827833;-38.42676667
22.2;-12.94827333;-38.426765
22.1;-12.94826667;-38.426765
22.1;-12.94826167;-38.426765
22.1;-12.94825667;-38.426765
22;-12.94825;-38.426765
22;-12.948245;-38.426765
21.9;-12.94824;-38.426765
21.9;-12.948235;-38.426765
21.8;-12.94822833;-38.426765
21.9;-12.94822333;-38.426765
21.9;-12.94821833;-38.426765
22;-12.94821167;-38.42676667
22;-12.94820667;-38.42676667
21.9;-12.94820167;-38.42676667
21.9;-12.94819667;-38.42676833
21.9;-12.94819;-38.42676833
22;-12.948185;-38.42677
22;-12.94818;-38.42677167
22.4;-12.94817333;-38.42677167
22.4;-12.94816833;-38.42677333
22.4;-12.94816333;-38.426775
22.7;-12.94815833;-38.42677667
23.1;-12.94815167;-38.42677833
23.2;-12.94814667;-38.42678167
23.3;-12.94814167;-38.42678333
23.7;-12.94813667;-38.42678667
24.4;-12.94813167;-38.42678833
25;-12.948125;-38.42679167
25.6;-12.94812;-38.426795
26;-12.948115;-38.42679833
26.5;-12.94811;-38.42680167
26.7;-12.94810333;-38.426805
26.8;-12.94809833;-38.42681
27.1;-12.94809167;-38.42681333
27.4;-12.94808667;-38.42681667
27.8;-12.94808167;-38.42682167
28.2;-12.94807667;-38.42682667
28.2;-12.94807;-38.42683
28.6;-12.948065;-38.426835
29.4;-12.94806;-38.42684
29.5;-12.948055;-38.426845
29.8;-12.94805;-38.42685167
30.2;-12.948045;-38.42685667
30.6;-12.94803833;-38.42686167
31.2;-12.94803333;-38.42686833
31.1;-12.94802833;-38.42687333
31.2;-12.94802333;-38.42688
31.3;-12.94801833;-38.42688667
31.7;-12.94801333;-38.42689167
32.4;-12.94800833;-38.42689833
32.9;-12.94800333;-38.426905
33.5;-12.94799833;-38.42691167
33.9;-12.94799333;-38.42691833
34;-12.94798833;-38.426925
34.4;-12.94798333;-38.42693333
34.9;-12.94797833;-38.42694
35.3;-12.94797333;-38.42694667
35.3;-12.94796833;-38.426955
35.7;-12.94796333;-38.42696167
35.7;-12.94795833;-38.42697
36.4;-12.94795167;-38.42697667
36.4;-12.94794667;-38.426985
37.1;-12.94794167;-38.42699167
37.2;-12.94793667;-38.427
37.3;-12.94793167;-38.42700833
37.8;-12.94792667;-38.42701667
37.9;-12.94792167;-38.42702333
38.2;-12.947915;-38.42703167
38.9;-12.94791;-38.42704
39;-12.947905;-38.42704833
39.3;-12.9479;-38.42705667
39.4;-12.947895;-38.427065
40.1;-12.94788833;-38.42707333
40.8;-12.94788333;-38.42708333
40.9;-12.94787833;-38.42709167
41.3;-12.94787167;-38.4271
41.7;-12.94786667;-38.42710833
42.2;-12.94786167;-38.42711833
42.5;-12.947855;-38.42713
43;-12.94784833;-38.42714167
43.1;-12.94784333;-38.42715333
43.5;-12.94783667;-38.427165
43.9;-12.94783167;-38.42717667
44.3;-12.947825;-38.42718833
44.4;-12.94781833;-38.4272
45.3;-12.94781333;-38.42721
45.4;-12.94780667;-38.42722167
45.8;-12.9478;-38.42723333
46;-12.947795;-38.427245
46.5;-12.94778833;-38.42725667
46.6;-12.94778333;-38.42726833
47.5;-12.94777667;-38.42728
47.8;-12.94777;-38.42729333
47.9;-12.94776333;-38.427305
48.2;-12.94775833;-38.42731833
48.7;-12.94775167;-38.42733
48.7;-12.947745;-38.42734333
49.1;-12.94773833;-38.42735667
49;-12.94773167;-38.42736833
49.7;-12.947725;-38.42738167
49.8;-12.94771833;-38.42739333
49.9;-12.94771333;-38.42740667
50.1;-12.94770667;-38.42742
51;-12.94770167;-38.427435
49.9;-12.947695;-38.42744833
50.5;-12.94768833;-38.42746167
51.2;-12.94768333;-38.42747667
51.1;-12.94767667;-38.42749
50.7;-12.94767167;-38.42750167
51.3;-12.94766667;-38.427515
51.3;-12.94766;-38.42752833
51.7;-12.947655;-38.42754333
51.4;-12.94765;-38.42755667
51.4;-12.947645;-38.42757167
51.1;-12.94764;-38.427585
51.4;-12.947635;-38.4276
52.7;-12.94763;-38.42761333
52.3;-12.947625;-38.42762667
52.4;-12.94762;-38.42764
52.3;-12.947615;-38.427655
52.3;-12.94761;-38.42766833
52.3;-12.947605;-38.42768167
52.3;-12.94760167;-38.42769667
52.3;-12.94759667;-38.42771167
52.7;-12.94759167;-38.427725
52.7;-12.94758833;-38.42773833
52.8;-12.94758333;-38.42775167
53.1;-12.94758;-38.427765
53.2;-12.94757667;-38.42778
53.2;-12.94757167;-38.42779333
53;-12.94757;-38.42780833
53.5;-12.94756667;-38.42782333
53.6;-12.94756333;-38.42783833
53.5;-12.94756;-38.42785333
53.8;-12.94755833;-38.42786833
53.7;-12.947555;-38.42788167
53.8;-12.94755167;-38.42789667
54.6;-12.94754833;-38.42791167
54.5;-12.947545;-38.42792667
54.8;-12.94754167;-38.42794167
54.7;-12.94753833;-38.42795667
54.7;-12.947535;-38.42797167
54.7;-12.94753167;-38.427985
54.2;-12.94752833;-38.428
54.4;-12.947525;-38.42801333
54.3;-12.94752333;-38.42802667
54.4;-12.94752;-38.42804167
54.4;-12.94751667;-38.428055
54.3;-12.947515;-38.42806833
53.8;-12.94751167;-38.42808167
54;-12.94751;-38.42809667
54.1;-12.94750667;-38.42811
54.2;-12.947505;-38.428125
54.2;-12.94750167;-38.42813833
54.2;-12.9475;-38.42815333
54.2;-12.94749833;-38.42816833
53.9;-12.94749667;-38.42818333
53.9;-12.94749333;-38.42819833
53.9;-12.94749167;-38.42821167
54;-12.94749;-38.42822667
53.7;-12.94748833;-38.42824167
53.6;-12.94748667;-38.428255
54;-12.94748667;-38.42827
53.6;-12.947485;-38.42828333
53.2;-12.947485;-38.42829667
53.2;-12.947485;-38.42831167
53.3;-12.947485;-38.428325
53.2;-12.947485;-38.42834
53.3;-12.947485;-38.428355
53.2;-12.947485;-38.42836833
52.6;-12.94748333;-38.42838333
52.5;-12.94748333;-38.42839833
52.5;-12.947485;-38.42841167
52.5;-12.947485;-38.428425
52.5;-12.947485;-38.42844
52.5;-12.94748667;-38.428455
52.2;-12.94748833;-38.42846833
52.7;-12.94748833;-38.42848333
51.6;-12.94748833;-38.42849667
51.5;-12.94748833;-38.42851167
52.5;-12.94749;-38.428525
52;-12.94749;-38.42853833
51.4;-12.94749167;-38.42855167
52;-12.94749167;-38.428565
52;-12.94749333;-38.42857833
51.5;-12.94749333;-38.42859167
51.6;-12.94749333;-38.428605
51.7;-12.947495;-38.42861833
51.4;-12.94749667;-38.42863167
51.3;-12.94749667;-38.428645
50.9;-12.94749833;-38.42865667
50.8;-12.9475;-38.42867
50.8;-12.94750167;-38.42868167
50.7;-12.94750333;-38.42869333
50.7;-12.947505;-38.42870667
50.4;-12.94750833;-38.42871833
50.4;-12.94751;-38.42873167
50.4;-12.94751167;-38.42874333
50.4;-12.947515;-38.428755
50.5;-12.94751667;-38.42876833
50.4;-12.94752;-38.42878
50.5;-12.94752167;-38.42879333
50.4;-12.94752333;-38.428805
50.4;-12.94752667;-38.42881667
50.4;-12.94752833;-38.42883
50.3;-12.94753167;-38.42884167
50.2;-12.94753333;-38.42885333
49.8;-12.94753667;-38.42886667
50.4;-12.94754;-38.42888
50.3;-12.94754333;-38.42889167
50.3;-12.94754667;-38.428905
50.2;-12.94754833;-38.42891833
50.2;-12.94755167;-38.42893167
50.3;-12.94755667;-38.428945
50.7;-12.94756;-38.42895833
50.2;-12.94756333;-38.42897167
50.5;-12.94756667;-38.42898333
50.9;-12.94757;-38.42899667
50.9;-12.94757333;-38.42901
50.4;-12.94757833;-38.42902333
50.9;-12.94758167;-38.42903833
50.9;-12.94758667;-38.42905167
50.9;-12.94759;-38.429065
50.8;-12.94759333;-38.42907833
50.8;-12.94759667;-38.42909167
50.9;-12.9476;-38.429105
51.4;-12.94760333;-38.42911833
50.7;-12.94760667;-38.42913167
50.7;-12.94761;-38.429145
51.2;-12.94761333;-38.42915667
51.1;-12.94761833;-38.42917
51.1;-12.94762167;-38.42918333
51.2;-12.947625;-38.42919667
51.2;-12.94762833;-38.42921
51.3;-12.94763167;-38.42922333
51.4;-12.947635;-38.42923667
51.4;-12.94763833;-38.42925
51.4;-12.94764167;-38.42926333
51.4;-12.94764667;-38.429275
51.4;-12.94765;-38.42928667
51.4;-12.94765333;-38.4293
51.8;-12.94765667;-38.42931333
51.7;-12.94766167;-38.42932667
51.4;-12.94766667;-38.42933833
51.5;-12.94767167;-38.42935167
51.5;-12.947675;-38.429365
51;-12.94768;-38.42937833
51.1;-12.947685;-38.42939167
51.2;-12.94769;-38.429405
51.3;-12.947695;-38.42941833
51.2;-12.9477;-38.42943
51.3;-12.94770667;-38.42944333
51.3;-12.94771167;-38.429455
50.8;-12.94771667;-38.42946833
50.9;-12.94772333;-38.42948
50.9;-12.94772833;-38.42949333
50.7;-12.94773333;-38.429505
50.7;-12.94773833;-38.42951667
50.8;-12.94774333;-38.42953
50.8;-12.94774833;-38.42954167
50.9;-12.94775333;-38.42955333
50.9;-12.94775833;-38.429565
51;-12.94776333;-38.42957833
51;-12.94776833;-38.42959
51.4;-12.94777333;-38.42960333
51.2;-12.94777833;-38.429615
51.1;-12.94778333;-38.42962833
51;-12.94778833;-38.42964
51;-12.94779333;-38.42965167
50.9;-12.94779833;-38.429665
50.8;-12.947805;-38.42967667
50.7;-12.94781;-38.42968833
50.6;-12.947815;-38.4297
50.5;-12.94782;-38.42971167
50.4;-12.947825;-38.429725
50.4;-12.94783;-38.42973667
50.3;-12.947835;-38.42974833
50.2;-12.94784167;-38.42976
50.1;-12.94784667;-38.42977167
50;-12.94785167;-38.42978333
49.9;-12.94785667;-38.429795
49.9;-12.94786333;-38.42980667
49.9;-12.94786833;-38.42981833
50;-12.947875;-38.42983167
50;-12.94788;-38.42984333
50.1;-12.94788667;-38.429855
50;-12.94789167;-38.42986667
50;-12.94789833;-38.42987833
50;-12.94790333;-38.42989
50;-12.94791;-38.42990167
50.1;-12.947915;-38.429915
50.1;-12.94792167;-38.42992667
50.1;-12.94792667;-38.42994
50;-12.94793333;-38.42995167
49.9;-12.94793833;-38.42996333
49.4;-12.947945;-38.429975
49.3;-12.94795;-38.42998667
49.3;-12.94795667;-38.42999833
49.2;-12.94796333;-38.43000833
49.1;-12.94796833;-38.43002
48.7;-12.947975;-38.43003167
48.7;-12.94798;-38.43004167
48.7;-12.947985;-38.43005333
48.7;-12.94799167;-38.43006333
48.6;-12.94799833;-38.430075
48.5;-12.94800333;-38.430085
48.5;-12.94801;-38.430095
48.4;-12.94801667;-38.43010667
48;-12.94802167;-38.43011667
47.8;-12.94802833;-38.43012833
47.4;-12.948035;-38.43013833
47.4;-12.94804167;-38.43015
47.5;-12.94804833;-38.43016
47.6;-12.94805333;-38.43017
47.7;-12.94806;-38.43018167
47.8;-12.94806667;-38.43019167
47.9;-12.94807167;-38.43020333
47.5;-12.94807833;-38.43021333
47.4;-12.94808333;-38.43022333
47.3;-12.94808833;-38.430235
47.3;-12.948095;-38.430245
47.2;-12.9481;-38.430255
46.8;-12.94810667;-38.43026667
46.4;-12.94811167;-38.43027667
46.3;-12.94811667;-38.43028667
45.9;-12.94812167;-38.43029667
45.8;-12.94812833;-38.43030667
45.7;-12.94813333;-38.43031667
45.7;-12.94814;-38.43032667
45.7;-12.948145;-38.43033667
45.7;-12.94815;-38.43034667
45.6;-12.948155;-38.43035667
45.6;-12.94816;-38.43036667
45.6;-12.948165;-38.43037667
45.6;-12.94817;-38.43038667
45.7;-12.948175;-38.43039833
45.7;-12.94818167;-38.43040833
45.2;-12.94818667;-38.43041833
45.1;-12.94819167;-38.43042833
44.6;-12.94819667;-38.43043833
44.5;-12.94820167;-38.43044833
44.5;-12.94820833;-38.43045667
44.5;-12.94821333;-38.43046667
44.4;-12.94821833;-38.43047667
44.3;-12.948225;-38.43048667
44.3;-12.94823;-38.430495
44.2;-12.948235;-38.430505
43.6;-12.94824;-38.43051333
43.5;-12.948245;-38.43052333
42.9;-12.94825;-38.43053333
42.9;-12.948255;-38.43054167
42.9;-12.94826;-38.43055167
42.8;-12.94826333;-38.43056167
42.4;-12.94826833;-38.43057
42.3;-12.94827333;-38.43057833
42.2;-12.94827833;-38.43058667
41.8;-12.94828167;-38.430595
41.7;-12.948285;-38.430605
41.3;-12.94829;-38.43061333
41.2;-12.94829333;-38.43062167
41.1;-12.94829833;-38.43063167
40.7;-12.94830333;-38.43064
40.4;-12.94830833;-38.43064833
40.4;-12.94831333;-38.43065833
40;-12.94831833;-38.43066833
39.5;-12.94832167;-38.43067667
39.1;-12.94832667;-38.430685
38.7;-12.94833;-38.430695
38.3;-12.94833333;-38.43070333
38;-12.94833833;-38.43071167
37.9;-12.94834167;-38.43072
37.5;-12.948345;-38.43072833
37.2;-12.94835;-38.43073667
36.7;-12.948355;-38.430745
36.5;-12.94835833;-38.43075333
36.2;-12.94836167;-38.43076167
35.8;-12.94836667;-38.43077
35.7;-12.94837;-38.43077833
35.3;-12.948375;-38.430785
35.2;-12.94837833;-38.43079333
35.2;-12.94838333;-38.43080167
34.6;-12.94838667;-38.43081
34.2;-12.94839167;-38.43081833
33.9;-12.948395;-38.430825
33.3;-12.9484;-38.43083333
32.9;-12.94840333;-38.43084
32.4;-12.94840667;-38.43084833
32.1;-12.94841;-38.430855
31.5;-12.94841333;-38.43086333
31;-12.94841833;-38.43087
30.2;-12.94842167;-38.43087667
29.6;-12.948425;-38.43088333
29.3;-12.94842833;-38.43089
28.9;-12.94843167;-38.43089667
28.2;-12.948435;-38.43090333
27.4;-12.94843833;-38.43091
26.5;-12.94844167;-38.43091667
25.8;-12.948445;-38.43092333
25.2;-12.94844667;-38.43092833
24.7;-12.94845;-38.430935
24;-12.94845333;-38.43094
23.1;-12.948455;-38.430945
22.1;-12.94845833;-38.43095
21.1;-12.94846;-38.43095667
20.4;-12.94846333;-38.43096
19.7;-12.948465;-38.430965
19.2;-12.94846667;-38.43097
18.7;-12.94846833;-38.430975
18.4;-12.94847;-38.43097833
17.9;-12.94847333;-38.43098333
17.8;-12.948475;-38.43098833
17.2;-12.94847667;-38.43099167
16.7;-12.94847667;-38.43099667
16.1;-12.94847833;-38.431
15.6;-12.94848;-38.43100333
14.9;-12.94848167;-38.43100833
14.1;-12.94848167;-38.43101167
13.1;-12.94848333;-38.431015
12.5;-12.94848333;-38.43101833
12.1;-12.948485;-38.43102167
12;-12.948485;-38.431025
11.1;-12.948485;-38.43102667
10.8;-12.948485;-38.43103
10.9;-12.948485;-38.43103333
