0.000000000000000e+000	-3.537596e-010
-1.000000000000000e-003	-3.637686e-010
-2.000000000000000e-003	-3.740573e-010
-3.000000000000000e-003	-3.846332e-010
-4.000000000000000e-003	-3.955042e-010
-5.000000000000000e-003	-4.066784e-010
-6.000000000000000e-003	-4.181640e-010
-7.000000000000000e-003	-4.299694e-010
-8.000000000000000e-003	-4.421034e-010
-9.000000000000001e-003	-4.545749e-010
-1.000000000000000e-002	-4.673930e-010
-1.100000000000000e-002	-4.805671e-010
-1.200000000000000e-002	-4.941069e-010
-1.300000000000001e-002	-5.080223e-010
-1.400000000000001e-002	-5.223233e-010
-1.500000000000001e-002	-5.370204e-010
-1.600000000000001e-002	-5.521243e-010
-1.700000000000001e-002	-5.676459e-010
-1.800000000000001e-002	-5.835965e-010
-1.900000000000001e-002	-5.999876e-010
-2.000000000000001e-002	-6.168311e-010
-2.100000000000001e-002	-6.341390e-010
-2.200000000000001e-002	-6.519238e-010
-2.300000000000001e-002	-6.701983e-010
-2.400000000000001e-002	-6.889756e-010
-2.500000000000002e-002	-7.082691e-010
-2.600000000000002e-002	-7.280925e-010
-2.700000000000002e-002	-7.484601e-010
-2.800000000000002e-002	-7.693863e-010
-2.900000000000002e-002	-7.908860e-010
-3.000000000000002e-002	-8.129743e-010
-3.100000000000002e-002	-8.356669e-010
-3.200000000000002e-002	-8.589799e-010
-3.300000000000002e-002	-8.829297e-010
-3.400000000000002e-002	-9.075331e-010
-3.500000000000002e-002	-9.328074e-010
-3.600000000000003e-002	-9.587702e-010
-3.700000000000003e-002	-9.854398e-010
-3.800000000000003e-002	-1.012835e-009
-3.900000000000003e-002	-1.040974e-009
-4.000000000000003e-002	-1.069878e-009
-4.100000000000003e-002	-1.099565e-009
-4.200000000000003e-002	-1.130057e-009
-4.300000000000003e-002	-1.161375e-009
-4.400000000000003e-002	-1.193540e-009
-4.500000000000003e-002	-1.226574e-009
-4.600000000000003e-002	-1.260500e-009
-4.700000000000004e-002	-1.295342e-009
-4.800000000000004e-002	-1.331123e-009
-4.900000000000004e-002	-1.367867e-009
-5.000000000000004e-002	-1.405600e-009
-5.100000000000004e-002	-1.444347e-009
-5.200000000000004e-002	-1.484135e-009
-5.300000000000004e-002	-1.524990e-009
-5.400000000000004e-002	-1.566940e-009
-5.500000000000004e-002	-1.610013e-009
-5.600000000000004e-002	-1.654238e-009
-5.700000000000004e-002	-1.699645e-009
-5.800000000000005e-002	-1.746265e-009
-5.900000000000005e-002	-1.794128e-009
-6.000000000000005e-002	-1.843265e-009
-6.100000000000005e-002	-1.893711e-009
-6.200000000000005e-002	-1.945499e-009
-6.300000000000004e-002	-1.998661e-009
-6.400000000000004e-002	-2.053235e-009
-6.500000000000004e-002	-2.109256e-009
-6.600000000000005e-002	-2.166760e-009
-6.700000000000005e-002	-2.225785e-009
-6.800000000000005e-002	-2.286370e-009
-6.900000000000005e-002	-2.348555e-009
-7.000000000000005e-002	-2.412380e-009
-7.100000000000005e-002	-2.477886e-009
-7.200000000000005e-002	-2.545116e-009
-7.300000000000005e-002	-2.614114e-009
-7.400000000000005e-002	-2.684924e-009
-7.500000000000005e-002	-2.757592e-009
-7.600000000000005e-002	-2.832164e-009
-7.700000000000006e-002	-2.908689e-009
-7.800000000000006e-002	-2.987214e-009
-7.900000000000006e-002	-3.067791e-009
-8.000000000000006e-002	-3.150471e-009
-8.100000000000006e-002	-3.235306e-009
-8.200000000000006e-002	-3.322351e-009
-8.300000000000006e-002	-3.411659e-009
-8.400000000000006e-002	-3.503289e-009
-8.500000000000006e-002	-3.597296e-009
-8.600000000000006e-002	-3.693741e-009
-8.700000000000006e-002	-3.792684e-009
-8.800000000000006e-002	-3.894186e-009
-8.900000000000007e-002	-3.998312e-009
-9.000000000000007e-002	-4.105126e-009
-9.100000000000007e-002	-4.214694e-009
-9.200000000000007e-002	-4.327084e-009
-9.300000000000007e-002	-4.442367e-009
-9.400000000000007e-002	-4.560613e-009
-9.500000000000007e-002	-4.681894e-009
-9.600000000000007e-002	-4.806286e-009
-9.700000000000007e-002	-4.933865e-009
-9.800000000000007e-002	-5.064709e-009
-9.900000000000007e-002	-5.198898e-009
-1.000000000000001e-001	-5.336513e-009
-1.010000000000001e-001	-5.477638e-009
-1.020000000000001e-001	-5.622359e-009
-1.030000000000001e-001	-5.770763e-009
-1.040000000000001e-001	-5.922941e-009
-1.050000000000001e-001	-6.078983e-009
-1.060000000000001e-001	-6.238983e-009
-1.070000000000001e-001	-6.403038e-009
-1.080000000000001e-001	-6.571245e-009
-1.090000000000001e-001	-6.743706e-009
-1.100000000000001e-001	-6.920522e-009
-1.110000000000001e-001	-7.101800e-009
-1.120000000000001e-001	-7.287646e-009
-1.130000000000001e-001	-7.478170e-009
-1.140000000000001e-001	-7.673486e-009
-1.150000000000001e-001	-7.873709e-009
-1.160000000000001e-001	-8.078954e-009
-1.170000000000001e-001	-8.289345e-009
-1.180000000000001e-001	-8.505004e-009
-1.190000000000001e-001	-8.726055e-009
-1.200000000000001e-001	-8.952630e-009
-1.210000000000001e-001	-9.184859e-009
-1.220000000000001e-001	-9.422877e-009
-1.230000000000001e-001	-9.666822e-009
-1.240000000000001e-001	-9.916834e-009
-1.250000000000001e-001	-1.017306e-008
-1.260000000000001e-001	-1.043564e-008
-1.270000000000001e-001	-1.070474e-008
-1.280000000000001e-001	-1.098049e-008
-1.290000000000001e-001	-1.126307e-008
-1.300000000000001e-001	-1.155264e-008
-1.310000000000001e-001	-1.184934e-008
-1.320000000000001e-001	-1.215337e-008
-1.330000000000001e-001	-1.246488e-008
-1.340000000000001e-001	-1.278405e-008
-1.350000000000001e-001	-1.311107e-008
-1.360000000000001e-001	-1.344611e-008
-1.370000000000001e-001	-1.378937e-008
-1.380000000000001e-001	-1.414103e-008
-1.390000000000001e-001	-1.450129e-008
-1.400000000000001e-001	-1.487036e-008
-1.410000000000001e-001	-1.524843e-008
-1.420000000000001e-001	-1.563572e-008
-1.430000000000001e-001	-1.603243e-008
-1.440000000000001e-001	-1.643879e-008
-1.450000000000001e-001	-1.685503e-008
-1.460000000000001e-001	-1.728135e-008
-1.470000000000001e-001	-1.771801e-008
-1.480000000000001e-001	-1.816523e-008
-1.490000000000001e-001	-1.862326e-008
-1.500000000000001e-001	-1.909235e-008
-1.510000000000001e-001	-1.957274e-008
-1.520000000000001e-001	-2.006470e-008
-1.530000000000001e-001	-2.056849e-008
-1.540000000000001e-001	-2.108437e-008
-1.550000000000001e-001	-2.161262e-008
-1.560000000000001e-001	-2.215353e-008
-1.570000000000001e-001	-2.270737e-008
-1.580000000000001e-001	-2.327443e-008
-1.590000000000001e-001	-2.385502e-008
-1.600000000000001e-001	-2.444943e-008
-1.610000000000001e-001	-2.505798e-008
-1.620000000000001e-001	-2.568097e-008
-1.630000000000001e-001	-2.631873e-008
-1.640000000000001e-001	-2.697159e-008
-1.650000000000001e-001	-2.763988e-008
-1.660000000000001e-001	-2.832393e-008
-1.670000000000001e-001	-2.902410e-008
-1.680000000000001e-001	-2.974074e-008
-1.690000000000001e-001	-3.047420e-008
-1.700000000000001e-001	-3.122485e-008
-1.710000000000001e-001	-3.199307e-008
-1.720000000000001e-001	-3.277923e-008
-1.730000000000001e-001	-3.358372e-008
-1.740000000000001e-001	-3.440693e-008
-1.750000000000001e-001	-3.524926e-008
-1.760000000000001e-001	-3.611112e-008
-1.770000000000001e-001	-3.699293e-008
-1.780000000000001e-001	-3.789510e-008
-1.790000000000001e-001	-3.881807e-008
-1.800000000000001e-001	-3.976225e-008
-1.810000000000001e-001	-4.072811e-008
-1.820000000000001e-001	-4.171609e-008
-1.830000000000001e-001	-4.272665e-008
-1.840000000000001e-001	-4.376025e-008
-1.850000000000001e-001	-4.481736e-008
-1.860000000000001e-001	-4.589847e-008
-1.870000000000001e-001	-4.700405e-008
-1.880000000000001e-001	-4.813461e-008
-1.890000000000001e-001	-4.929065e-008
-1.900000000000001e-001	-5.047266e-008
-1.910000000000001e-001	-5.168118e-008
-1.920000000000001e-001	-5.291673e-008
-1.930000000000001e-001	-5.417982e-008
-1.940000000000001e-001	-5.547101e-008
-1.950000000000002e-001	-5.679083e-008
-1.960000000000002e-001	-5.813985e-008
-1.970000000000002e-001	-5.951862e-008
-1.980000000000002e-001	-6.092770e-008
-1.990000000000002e-001	-6.236769e-008
-2.000000000000002e-001	-6.383915e-008
-2.010000000000002e-001	-6.534266e-008
-2.020000000000002e-001	-6.687884e-008
-2.030000000000002e-001	-6.844828e-008
-2.040000000000002e-001	-7.005159e-008
-2.050000000000002e-001	-7.168939e-008
-2.060000000000002e-001	-7.336231e-008
-2.070000000000002e-001	-7.507096e-008
-2.080000000000002e-001	-7.681599e-008
-2.090000000000002e-001	-7.859803e-008
-2.100000000000002e-001	-8.041776e-008
-2.110000000000002e-001	-8.227579e-008
-2.120000000000002e-001	-8.417282e-008
-2.130000000000002e-001	-8.610949e-008
-2.140000000000002e-001	-8.808649e-008
-2.150000000000002e-001	-9.010449e-008
-2.160000000000002e-001	-9.216416e-008
-2.170000000000002e-001	-9.426622e-008
-2.180000000000002e-001	-9.641135e-008
-2.190000000000002e-001	-9.860024e-008
-2.200000000000002e-001	-1.008336e-007
-2.210000000000002e-001	-1.031121e-007
-2.220000000000002e-001	-1.054366e-007
-2.230000000000002e-001	-1.078076e-007
-2.240000000000002e-001	-1.102260e-007
-2.250000000000002e-001	-1.126924e-007
-2.260000000000002e-001	-1.152076e-007
-2.270000000000002e-001	-1.177723e-007
-2.280000000000002e-001	-1.203873e-007
-2.290000000000002e-001	-1.230533e-007
-2.300000000000002e-001	-1.257710e-007
-2.310000000000002e-001	-1.285411e-007
-2.320000000000002e-001	-1.313645e-007
-2.330000000000002e-001	-1.342419e-007
-2.340000000000002e-001	-1.371740e-007
-2.350000000000002e-001	-1.401615e-007
-2.360000000000002e-001	-1.432052e-007
-2.370000000000002e-001	-1.463060e-007
-2.380000000000002e-001	-1.494644e-007
-2.390000000000002e-001	-1.526814e-007
-2.400000000000002e-001	-1.559575e-007
-2.410000000000002e-001	-1.592937e-007
-2.420000000000002e-001	-1.626906e-007
-2.430000000000002e-001	-1.661490e-007
-2.440000000000002e-001	-1.696697e-007
-2.450000000000002e-001	-1.732534e-007
-2.460000000000002e-001	-1.769008e-007
-2.470000000000002e-001	-1.806127e-007
-2.480000000000002e-001	-1.843899e-007
-2.490000000000002e-001	-1.882331e-007
-2.500000000000002e-001	-1.921430e-007
-2.510000000000002e-001	-1.961205e-007
-2.520000000000002e-001	-2.001661e-007
-2.530000000000002e-001	-2.042807e-007
-2.540000000000002e-001	-2.084650e-007
-2.550000000000002e-001	-2.127196e-007
-2.560000000000002e-001	-2.170455e-007
-2.570000000000002e-001	-2.214431e-007
-2.580000000000002e-001	-2.259134e-007
-2.590000000000002e-001	-2.304569e-007
-2.600000000000002e-001	-2.350744e-007
-2.610000000000002e-001	-2.397666e-007
-2.620000000000002e-001	-2.445341e-007
-2.630000000000002e-001	-2.493777e-007
-2.640000000000002e-001	-2.542981e-007
-2.650000000000002e-001	-2.592958e-007
-2.660000000000002e-001	-2.643717e-007
-2.670000000000002e-001	-2.695263e-007
-2.680000000000002e-001	-2.747603e-007
-2.690000000000002e-001	-2.800743e-007
-2.700000000000002e-001	-2.854691e-007
-2.710000000000002e-001	-2.909451e-007
-2.720000000000002e-001	-2.965031e-007
-2.730000000000002e-001	-3.021437e-007
-2.740000000000002e-001	-3.078675e-007
-2.750000000000002e-001	-3.136750e-007
-2.760000000000002e-001	-3.195669e-007
-2.770000000000002e-001	-3.255437e-007
-2.780000000000002e-001	-3.316060e-007
-2.790000000000002e-001	-3.377545e-007
-2.800000000000002e-001	-3.439896e-007
-2.810000000000002e-001	-3.503118e-007
-2.820000000000002e-001	-3.567218e-007
-2.830000000000002e-001	-3.632201e-007
-2.840000000000002e-001	-3.698071e-007
-2.850000000000002e-001	-3.764834e-007
-2.860000000000002e-001	-3.832495e-007
-2.870000000000002e-001	-3.901058e-007
-2.880000000000002e-001	-3.970529e-007
-2.890000000000002e-001	-4.040911e-007
-2.900000000000002e-001	-4.112211e-007
-2.910000000000002e-001	-4.184432e-007
-2.920000000000002e-001	-4.257577e-007
-2.930000000000002e-001	-4.331653e-007
-2.940000000000002e-001	-4.406663e-007
-2.950000000000002e-001	-4.482610e-007
-2.960000000000002e-001	-4.559499e-007
-2.970000000000002e-001	-4.637334e-007
-2.980000000000002e-001	-4.716118e-007
-2.990000000000002e-001	-4.795855e-007
-3.000000000000002e-001	-4.876549e-007
-3.010000000000002e-001	-4.958202e-007
-3.020000000000002e-001	-5.040818e-007
-3.030000000000002e-001	-5.124401e-007
-3.040000000000002e-001	-5.208952e-007
-3.050000000000002e-001	-5.294476e-007
-3.060000000000002e-001	-5.380975e-007
-3.070000000000002e-001	-5.468452e-007
-3.080000000000002e-001	-5.556909e-007
-3.090000000000002e-001	-5.646349e-007
-3.100000000000002e-001	-5.736774e-007
-3.110000000000002e-001	-5.828188e-007
-3.120000000000002e-001	-5.920590e-007
-3.130000000000002e-001	-6.013985e-007
-3.140000000000002e-001	-6.108373e-007
-3.150000000000002e-001	-6.203757e-007
-3.160000000000002e-001	-6.300139e-007
-3.170000000000002e-001	-6.397519e-007
-3.180000000000002e-001	-6.495901e-007
-3.190000000000002e-001	-6.595284e-007
-3.200000000000002e-001	-6.695672e-007
-3.210000000000002e-001	-6.797063e-007
-3.220000000000002e-001	-6.899461e-007
-3.230000000000002e-001	-7.002865e-007
-3.240000000000002e-001	-7.107278e-007
-3.250000000000002e-001	-7.212699e-007
-3.260000000000002e-001	-7.319131e-007
-3.270000000000002e-001	-7.426572e-007
-3.280000000000002e-001	-7.535024e-007
-3.290000000000002e-001	-7.644488e-007
-3.300000000000002e-001	-7.754963e-007
-3.310000000000002e-001	-7.866450e-007
-3.320000000000002e-001	-7.978950e-007
-3.330000000000002e-001	-8.092462e-007
-3.340000000000002e-001	-8.206986e-007
-3.350000000000002e-001	-8.322523e-007
-3.360000000000002e-001	-8.439072e-007
-3.370000000000002e-001	-8.556634e-007
-3.380000000000002e-001	-8.675208e-007
-3.390000000000003e-001	-8.794793e-007
-3.400000000000003e-001	-8.915389e-007
-3.410000000000003e-001	-9.036996e-007
-3.420000000000003e-001	-9.159613e-007
-3.430000000000003e-001	-9.283239e-007
-3.440000000000003e-001	-9.407875e-007
-3.450000000000003e-001	-9.533518e-007
-3.460000000000003e-001	-9.660168e-007
-3.470000000000003e-001	-9.787824e-007
-3.480000000000003e-001	-9.916486e-007
-3.490000000000003e-001	-1.004615e-006
-3.500000000000003e-001	-1.017682e-006
-3.510000000000003e-001	-1.030849e-006
-3.520000000000003e-001	-1.044116e-006
-3.530000000000003e-001	-1.057483e-006
-3.540000000000003e-001	-1.070950e-006
-3.550000000000003e-001	-1.084517e-006
-3.560000000000003e-001	-1.098183e-006
-3.570000000000003e-001	-1.111948e-006
-3.580000000000003e-001	-1.125813e-006
-3.590000000000003e-001	-1.139777e-006
-3.600000000000003e-001	-1.153840e-006
-3.610000000000003e-001	-1.168001e-006
-3.620000000000003e-001	-1.182261e-006
-3.630000000000003e-001	-1.196619e-006
-3.640000000000003e-001	-1.211076e-006
-3.650000000000003e-001	-1.225630e-006
-3.660000000000003e-001	-1.240282e-006
-3.670000000000003e-001	-1.255032e-006
-3.680000000000003e-001	-1.269880e-006
-3.690000000000003e-001	-1.284824e-006
-3.700000000000003e-001	-1.299866e-006
-3.710000000000003e-001	-1.315005e-006
-3.720000000000003e-001	-1.330240e-006
-3.730000000000003e-001	-1.345571e-006
-3.740000000000003e-001	-1.360999e-006
-3.750000000000003e-001	-1.376522e-006
-3.760000000000003e-001	-1.392142e-006
-3.770000000000003e-001	-1.407857e-006
-3.780000000000003e-001	-1.423667e-006
-3.790000000000003e-001	-1.439572e-006
-3.800000000000003e-001	-1.455572e-006
-3.810000000000003e-001	-1.471667e-006
-3.820000000000003e-001	-1.487856e-006
-3.830000000000003e-001	-1.504139e-006
-3.840000000000003e-001	-1.520516e-006
-3.850000000000003e-001	-1.536987e-006
-3.860000000000003e-001	-1.553551e-006
-3.870000000000003e-001	-1.570209e-006
-3.880000000000003e-001	-1.586959e-006
-3.890000000000003e-001	-1.603802e-006
-3.900000000000003e-001	-1.620737e-006
-3.910000000000003e-001	-1.637765e-006
-3.920000000000003e-001	-1.654885e-006
-3.930000000000003e-001	-1.672096e-006
-3.940000000000003e-001	-1.689399e-006
-3.950000000000003e-001	-1.706793e-006
-3.960000000000003e-001	-1.724277e-006
-3.970000000000003e-001	-1.741853e-006
-3.980000000000003e-001	-1.759519e-006
-3.990000000000003e-001	-1.777275e-006
-4.000000000000003e-001	-1.795122e-006
-4.010000000000003e-001	-1.813058e-006
-4.020000000000003e-001	-1.831083e-006
-4.030000000000003e-001	-1.849197e-006
-4.040000000000003e-001	-1.867401e-006
-4.050000000000003e-001	-1.885693e-006
-4.060000000000003e-001	-1.904074e-006
-4.070000000000003e-001	-1.922543e-006
-4.080000000000003e-001	-1.941099e-006
-4.090000000000003e-001	-1.959744e-006
-4.100000000000003e-001	-1.978476e-006
-4.110000000000003e-001	-1.997295e-006
-4.120000000000003e-001	-2.016201e-006
-4.130000000000003e-001	-2.035193e-006
-4.140000000000003e-001	-2.054272e-006
-4.150000000000003e-001	-2.073438e-006
-4.160000000000003e-001	-2.092689e-006
-4.170000000000003e-001	-2.112026e-006
-4.180000000000003e-001	-2.131449e-006
-4.190000000000003e-001	-2.150956e-006
-4.200000000000003e-001	-2.170549e-006
-4.210000000000003e-001	-2.190226e-006
-4.220000000000003e-001	-2.209988e-006
-4.230000000000003e-001	-2.229834e-006
-4.240000000000003e-001	-2.249764e-006
-4.250000000000003e-001	-2.269778e-006
-4.260000000000003e-001	-2.289876e-006
-4.270000000000003e-001	-2.310056e-006
-4.280000000000003e-001	-2.330320e-006
-4.290000000000003e-001	-2.350667e-006
-4.300000000000003e-001	-2.371096e-006
-4.310000000000003e-001	-2.391607e-006
-4.320000000000003e-001	-2.412201e-006
-4.330000000000003e-001	-2.432876e-006
-4.340000000000003e-001	-2.453634e-006
-4.350000000000003e-001	-2.474472e-006
-4.360000000000003e-001	-2.495392e-006
-4.370000000000003e-001	-2.516393e-006
-4.380000000000003e-001	-2.537475e-006
-4.390000000000003e-001	-2.558637e-006
-4.400000000000003e-001	-2.579880e-006
-4.410000000000003e-001	-2.601202e-006
-4.420000000000003e-001	-2.622605e-006
-4.430000000000003e-001	-2.644087e-006
-4.440000000000003e-001	-2.665649e-006
-4.450000000000003e-001	-2.687290e-006
-4.460000000000003e-001	-2.709010e-006
-4.470000000000003e-001	-2.730809e-006
-4.480000000000003e-001	-2.752687e-006
-4.490000000000003e-001	-2.774643e-006
-4.500000000000003e-001	-2.796677e-006
-4.510000000000004e-001	-2.818789e-006
-4.520000000000004e-001	-2.840980e-006
-4.530000000000004e-001	-2.863247e-006
-4.540000000000004e-001	-2.885592e-006
-4.550000000000004e-001	-2.908015e-006
-4.560000000000004e-001	-2.930514e-006
-4.570000000000004e-001	-2.953090e-006
-4.580000000000004e-001	-2.975743e-006
-4.590000000000004e-001	-2.998473e-006
-4.600000000000004e-001	-3.021278e-006
-4.610000000000004e-001	-3.044160e-006
-4.620000000000004e-001	-3.067118e-006
-4.630000000000004e-001	-3.090151e-006
-4.640000000000004e-001	-3.113260e-006
-4.650000000000004e-001	-3.136444e-006
-4.660000000000004e-001	-3.159704e-006
-4.670000000000004e-001	-3.183038e-006
-4.680000000000004e-001	-3.206447e-006
-4.690000000000004e-001	-3.229931e-006
-4.700000000000004e-001	-3.253489e-006
-4.710000000000004e-001	-3.277122e-006
-4.720000000000004e-001	-3.300828e-006
-4.730000000000004e-001	-3.324609e-006
-4.740000000000004e-001	-3.348464e-006
-4.750000000000004e-001	-3.372392e-006
-4.760000000000004e-001	-3.396393e-006
-4.770000000000004e-001	-3.420468e-006
-4.780000000000004e-001	-3.444616e-006
-4.790000000000004e-001	-3.468837e-006
-4.800000000000004e-001	-3.493131e-006
-4.810000000000004e-001	-3.517497e-006
-4.820000000000004e-001	-3.541936e-006
-4.830000000000004e-001	-3.566448e-006
-4.840000000000004e-001	-3.591031e-006
-4.850000000000004e-001	-3.615687e-006
-4.860000000000004e-001	-3.640414e-006
-4.870000000000004e-001	-3.665213e-006
-4.880000000000004e-001	-3.690084e-006
-4.890000000000004e-001	-3.715026e-006
-4.900000000000004e-001	-3.740040e-006
-4.910000000000004e-001	-3.765124e-006
-4.920000000000004e-001	-3.790280e-006
-4.930000000000004e-001	-3.815507e-006
-4.940000000000004e-001	-3.840804e-006
-4.950000000000004e-001	-3.866172e-006
-4.960000000000004e-001	-3.891611e-006
-4.970000000000004e-001	-3.917120e-006
-4.980000000000004e-001	-3.942699e-006
-4.990000000000004e-001	-3.968347e-006
-5.000000000000003e-001	-3.994066e-006
-5.010000000000003e-001	-4.019855e-006
-5.020000000000003e-001	-4.045714e-006
-5.030000000000003e-001	-4.071642e-006
-5.040000000000003e-001	-4.097639e-006
-5.050000000000003e-001	-4.123706e-006
-5.060000000000003e-001	-4.149842e-006
-5.070000000000003e-001	-4.176047e-006
-5.080000000000003e-001	-4.202321e-006
-5.090000000000003e-001	-4.228664e-006
-5.100000000000003e-001	-4.255075e-006
-5.110000000000003e-001	-4.281555e-006
-5.120000000000003e-001	-4.308104e-006
-5.130000000000003e-001	-4.334720e-006
-5.140000000000004e-001	-4.361405e-006
-5.150000000000004e-001	-4.388159e-006
-5.160000000000004e-001	-4.414980e-006
-5.170000000000004e-001	-4.441869e-006
-5.180000000000004e-001	-4.468826e-006
-5.190000000000004e-001	-4.495850e-006
-5.200000000000004e-001	-4.522942e-006
-5.210000000000004e-001	-4.550102e-006
-5.220000000000004e-001	-4.577329e-006
-5.230000000000004e-001	-4.604623e-006
-5.240000000000004e-001	-4.631984e-006
-5.250000000000004e-001	-4.659412e-006
-5.260000000000004e-001	-4.686907e-006
-5.270000000000004e-001	-4.714469e-006
-5.280000000000004e-001	-4.742098e-006
-5.290000000000004e-001	-4.769793e-006
-5.300000000000004e-001	-4.797555e-006
-5.310000000000004e-001	-4.825383e-006
-5.320000000000004e-001	-4.853278e-006
-5.330000000000004e-001	-4.881239e-006
-5.340000000000004e-001	-4.909266e-006
-5.350000000000004e-001	-4.937359e-006
-5.360000000000004e-001	-4.965518e-006
-5.370000000000004e-001	-4.993743e-006
-5.380000000000004e-001	-5.022033e-006
-5.390000000000004e-001	-5.050389e-006
-5.400000000000004e-001	-5.078811e-006
-5.410000000000004e-001	-5.107298e-006
-5.420000000000004e-001	-5.135851e-006
-5.430000000000004e-001	-5.164469e-006
-5.440000000000004e-001	-5.193152e-006
-5.450000000000004e-001	-5.221900e-006
-5.460000000000004e-001	-5.250713e-006
-5.470000000000004e-001	-5.279592e-006
-5.480000000000004e-001	-5.308535e-006
-5.490000000000004e-001	-5.337543e-006
-5.500000000000004e-001	-5.366616e-006
-5.510000000000004e-001	-5.395753e-006
-5.520000000000004e-001	-5.424955e-006
-5.530000000000004e-001	-5.454221e-006
-5.540000000000004e-001	-5.483552e-006
-5.550000000000004e-001	-5.512947e-006
-5.560000000000004e-001	-5.542406e-006
-5.570000000000004e-001	-5.571929e-006
-5.580000000000004e-001	-5.601516e-006
-5.590000000000004e-001	-5.631168e-006
-5.600000000000004e-001	-5.660883e-006
-5.610000000000004e-001	-5.690662e-006
-5.620000000000004e-001	-5.720505e-006
-5.630000000000004e-001	-5.750411e-006
-5.640000000000004e-001	-5.780381e-006
-5.650000000000004e-001	-5.810415e-006
-5.660000000000004e-001	-5.840512e-006
-5.670000000000004e-001	-5.870672e-006
-5.680000000000004e-001	-5.900896e-006
-5.690000000000004e-001	-5.931183e-006
-5.700000000000004e-001	-5.961533e-006
-5.710000000000004e-001	-5.991946e-006
-5.720000000000004e-001	-6.022422e-006
-5.730000000000004e-001	-6.052961e-006
-5.740000000000004e-001	-6.083563e-006
-5.750000000000004e-001	-6.114228e-006
-5.760000000000004e-001	-6.144955e-006
-5.770000000000004e-001	-6.175746e-006
-5.780000000000004e-001	-6.206598e-006
-5.790000000000004e-001	-6.237513e-006
-5.800000000000004e-001	-6.268491e-006
-5.810000000000004e-001	-6.299531e-006
-5.820000000000004e-001	-6.330633e-006
-5.830000000000004e-001	-6.361798e-006
-5.840000000000004e-001	-6.393025e-006
-5.850000000000004e-001	-6.424314e-006
-5.860000000000004e-001	-6.455665e-006
-5.870000000000004e-001	-6.487078e-006
-5.880000000000004e-001	-6.518553e-006
-5.890000000000004e-001	-6.550089e-006
-5.900000000000004e-001	-6.581688e-006
-5.910000000000004e-001	-6.613348e-006
-5.920000000000004e-001	-6.645071e-006
-5.930000000000004e-001	-6.676854e-006
-5.940000000000004e-001	-6.708699e-006
-5.950000000000004e-001	-6.740606e-006
-5.960000000000004e-001	-6.772574e-006
-5.970000000000004e-001	-6.804603e-006
-5.980000000000004e-001	-6.836694e-006
-5.990000000000004e-001	-6.868846e-006
-6.000000000000004e-001	-6.901059e-006
-6.010000000000004e-001	-6.933334e-006
-6.020000000000004e-001	-6.965669e-006
-6.030000000000004e-001	-6.998065e-006
-6.040000000000004e-001	-7.030522e-006
-6.050000000000004e-001	-7.063040e-006
-6.060000000000004e-001	-7.095619e-006
-6.070000000000004e-001	-7.128259e-006
-6.080000000000004e-001	-7.160960e-006
-6.090000000000004e-001	-7.193721e-006
-6.100000000000004e-001	-7.226542e-006
-6.110000000000004e-001	-7.259424e-006
-6.120000000000004e-001	-7.292367e-006
-6.130000000000004e-001	-7.325370e-006
-6.140000000000004e-001	-7.358433e-006
-6.150000000000004e-001	-7.391557e-006
-6.160000000000004e-001	-7.424741e-006
-6.170000000000004e-001	-7.457985e-006
-6.180000000000004e-001	-7.491290e-006
-6.190000000000004e-001	-7.524653e-006
-6.200000000000004e-001	-7.558078e-006
-6.210000000000004e-001	-7.591562e-006
-6.220000000000004e-001	-7.625107e-006
-6.230000000000004e-001	-7.658710e-006
-6.240000000000004e-001	-7.692374e-006
-6.250000000000004e-001	-7.726098e-006
-6.260000000000004e-001	-7.759882e-006
-6.270000000000005e-001	-7.793724e-006
-6.280000000000005e-001	-7.827627e-006
-6.290000000000005e-001	-7.861589e-006
-6.300000000000005e-001	-7.895610e-006
-6.310000000000005e-001	-7.929691e-006
-6.320000000000005e-001	-7.963831e-006
-6.330000000000005e-001	-7.998031e-006
-6.340000000000005e-001	-8.032290e-006
-6.350000000000005e-001	-8.066608e-006
-6.360000000000005e-001	-8.100985e-006
-6.370000000000005e-001	-8.135421e-006
-6.380000000000005e-001	-8.169916e-006
-6.390000000000005e-001	-8.204471e-006
-6.400000000000005e-001	-8.239084e-006
-6.410000000000005e-001	-8.273756e-006
-6.420000000000005e-001	-8.308487e-006
-6.430000000000005e-001	-8.343277e-006
-6.440000000000005e-001	-8.378125e-006
-6.450000000000005e-001	-8.413032e-006
-6.460000000000005e-001	-8.447998e-006
-6.470000000000005e-001	-8.483023e-006
-6.480000000000005e-001	-8.518105e-006
-6.490000000000005e-001	-8.553247e-006
-6.500000000000005e-001	-8.588447e-006
-6.510000000000005e-001	-8.623704e-006
-6.520000000000005e-001	-8.659021e-006
-6.530000000000005e-001	-8.694396e-006
-6.540000000000005e-001	-8.729829e-006
-6.550000000000005e-001	-8.765320e-006
-6.560000000000005e-001	-8.800869e-006
-6.570000000000005e-001	-8.836476e-006
-6.580000000000005e-001	-8.872142e-006
-6.590000000000005e-001	-8.907865e-006
-6.600000000000005e-001	-8.943646e-006
-6.610000000000005e-001	-8.979485e-006
-6.620000000000005e-001	-9.015382e-006
-6.630000000000005e-001	-9.051337e-006
-6.640000000000005e-001	-9.087349e-006
-6.650000000000005e-001	-9.123419e-006
-6.660000000000005e-001	-9.159547e-006
-6.670000000000005e-001	-9.195732e-006
-6.680000000000005e-001	-9.231974e-006
-6.690000000000005e-001	-9.268275e-006
-6.700000000000005e-001	-9.304632e-006
-6.710000000000005e-001	-9.341047e-006
-6.720000000000005e-001	-9.377520e-006
-6.730000000000005e-001	-9.414049e-006
-6.740000000000005e-001	-9.450636e-006
-6.750000000000005e-001	-9.487279e-006
-6.760000000000005e-001	-9.523981e-006
-6.770000000000005e-001	-9.560739e-006
-6.780000000000005e-001	-9.597554e-006
-6.790000000000005e-001	-9.634427e-006
-6.800000000000005e-001	-9.671355e-006
-6.810000000000005e-001	-9.708341e-006
-6.820000000000005e-001	-9.745384e-006
-6.830000000000005e-001	-9.782483e-006
-6.840000000000005e-001	-9.819640e-006
-6.850000000000005e-001	-9.856853e-006
-6.860000000000005e-001	-9.894122e-006
-6.870000000000005e-001	-9.931448e-006
-6.880000000000005e-001	-9.968831e-006
-6.890000000000005e-001	-1.000627e-005
-6.900000000000005e-001	-1.004377e-005
-6.910000000000005e-001	-1.008132e-005
-6.920000000000005e-001	-1.011893e-005
-6.930000000000005e-001	-1.015659e-005
-6.940000000000005e-001	-1.019431e-005
-6.950000000000005e-001	-1.023209e-005
-6.960000000000005e-001	-1.026992e-005
-6.970000000000005e-001	-1.030781e-005
-6.980000000000005e-001	-1.034576e-005
-6.990000000000005e-001	-1.038376e-005
-7.000000000000005e-001	-1.042182e-005
-7.010000000000005e-001	-1.045993e-005
-7.020000000000005e-001	-1.049810e-005
-7.030000000000005e-001	-1.053632e-005
-7.040000000000005e-001	-1.057460e-005
-7.050000000000005e-001	-1.061294e-005
-7.060000000000005e-001	-1.065133e-005
-7.070000000000005e-001	-1.068978e-005
-7.080000000000005e-001	-1.072828e-005
-7.090000000000005e-001	-1.076684e-005
-7.100000000000005e-001	-1.080546e-005
-7.110000000000005e-001	-1.084413e-005
-7.120000000000005e-001	-1.088285e-005
-7.130000000000005e-001	-1.092163e-005
-7.140000000000005e-001	-1.096047e-005
-7.150000000000005e-001	-1.099936e-005
-7.160000000000005e-001	-1.103831e-005
-7.170000000000005e-001	-1.107731e-005
-7.180000000000005e-001	-1.111637e-005
-7.190000000000005e-001	-1.115548e-005
-7.200000000000005e-001	-1.119465e-005
-7.210000000000005e-001	-1.123387e-005
-7.220000000000005e-001	-1.127314e-005
-7.230000000000005e-001	-1.131248e-005
-7.240000000000005e-001	-1.135186e-005
-7.250000000000005e-001	-1.139130e-005
-7.260000000000005e-001	-1.143080e-005
-7.270000000000005e-001	-1.147035e-005
-7.280000000000005e-001	-1.150995e-005
-7.290000000000005e-001	-1.154962e-005
-7.300000000000005e-001	-1.158933e-005
-7.310000000000005e-001	-1.162910e-005
-7.320000000000005e-001	-1.166892e-005
-7.330000000000005e-001	-1.170880e-005
-7.340000000000005e-001	-1.174873e-005
-7.350000000000005e-001	-1.178872e-005
-7.360000000000005e-001	-1.182876e-005
-7.370000000000005e-001	-1.186885e-005
-7.380000000000005e-001	-1.190900e-005
-7.390000000000006e-001	-1.194921e-005
-7.400000000000006e-001	-1.198946e-005
-7.410000000000006e-001	-1.202977e-005
-7.420000000000006e-001	-1.207014e-005
-7.430000000000006e-001	-1.211056e-005
-7.440000000000006e-001	-1.215103e-005
-7.450000000000006e-001	-1.219156e-005
-7.460000000000006e-001	-1.223214e-005
-7.470000000000006e-001	-1.227278e-005
-7.480000000000006e-001	-1.231346e-005
-7.490000000000006e-001	-1.235421e-005
-7.500000000000006e-001	-1.239500e-005
-7.510000000000006e-001	-1.243585e-005
-7.520000000000006e-001	-1.247675e-005
-7.530000000000006e-001	-1.251771e-005
-7.540000000000006e-001	-1.255872e-005
-7.550000000000006e-001	-1.259978e-005
-7.560000000000006e-001	-1.264090e-005
-7.570000000000006e-001	-1.268207e-005
-7.580000000000006e-001	-1.272329e-005
-7.590000000000006e-001	-1.276457e-005
-7.600000000000006e-001	-1.280590e-005
-7.610000000000006e-001	-1.284728e-005
-7.620000000000006e-001	-1.288871e-005
-7.630000000000006e-001	-1.293020e-005
-7.640000000000006e-001	-1.297175e-005
-7.650000000000006e-001	-1.301334e-005
-7.660000000000006e-001	-1.305499e-005
-7.670000000000006e-001	-1.309669e-005
-7.680000000000006e-001	-1.313844e-005
-7.690000000000006e-001	-1.318025e-005
-7.700000000000006e-001	-1.322210e-005
-7.710000000000006e-001	-1.326402e-005
-7.720000000000006e-001	-1.330598e-005
-7.730000000000006e-001	-1.334800e-005
-7.740000000000006e-001	-1.339006e-005
-7.750000000000006e-001	-1.343219e-005
-7.760000000000006e-001	-1.347436e-005
-7.770000000000006e-001	-1.351658e-005
-7.780000000000006e-001	-1.355886e-005
-7.790000000000006e-001	-1.360119e-005
-7.800000000000006e-001	-1.364358e-005
-7.810000000000006e-001	-1.368601e-005
-7.820000000000006e-001	-1.372850e-005
-7.830000000000006e-001	-1.377104e-005
-7.840000000000006e-001	-1.381363e-005
-7.850000000000006e-001	-1.385627e-005
-7.860000000000006e-001	-1.389897e-005
-7.870000000000006e-001	-1.394172e-005
-7.880000000000006e-001	-1.398452e-005
-7.890000000000006e-001	-1.402737e-005
-7.900000000000006e-001	-1.407027e-005
-7.910000000000006e-001	-1.411323e-005
-7.920000000000006e-001	-1.415623e-005
-7.930000000000006e-001	-1.419929e-005
-7.940000000000006e-001	-1.424240e-005
-7.950000000000006e-001	-1.428556e-005
-7.960000000000006e-001	-1.432877e-005
-7.970000000000006e-001	-1.437204e-005
-7.980000000000006e-001	-1.441535e-005
-7.990000000000006e-001	-1.445872e-005
-8.000000000000006e-001	-1.450214e-005
-8.010000000000006e-001	-1.454561e-005
-8.020000000000006e-001	-1.458913e-005
-8.030000000000006e-001	-1.463270e-005
-8.040000000000006e-001	-1.467632e-005
-8.050000000000006e-001	-1.472000e-005
-8.060000000000006e-001	-1.476372e-005
-8.070000000000006e-001	-1.480750e-005
-8.080000000000006e-001	-1.485133e-005
-8.090000000000006e-001	-1.489520e-005
-8.100000000000006e-001	-1.493913e-005
-8.110000000000006e-001	-1.498311e-005
-8.120000000000006e-001	-1.502715e-005
-8.130000000000006e-001	-1.507123e-005
-8.140000000000006e-001	-1.511536e-005
-8.150000000000006e-001	-1.515954e-005
-8.160000000000006e-001	-1.520378e-005
-8.170000000000006e-001	-1.524806e-005
-8.180000000000006e-001	-1.529239e-005
-8.190000000000006e-001	-1.533678e-005
-8.200000000000006e-001	-1.538122e-005
-8.210000000000006e-001	-1.542570e-005
-8.220000000000006e-001	-1.547024e-005
-8.230000000000006e-001	-1.551482e-005
-8.240000000000006e-001	-1.555946e-005
-8.250000000000006e-001	-1.560415e-005
-8.260000000000006e-001	-1.564889e-005
-8.270000000000006e-001	-1.569367e-005
-8.280000000000006e-001	-1.573851e-005
-8.290000000000006e-001	-1.578340e-005
-8.300000000000006e-001	-1.582834e-005
-8.310000000000006e-001	-1.587332e-005
-8.320000000000006e-001	-1.591836e-005
-8.330000000000006e-001	-1.596345e-005
-8.340000000000006e-001	-1.600859e-005
-8.350000000000006e-001	-1.605377e-005
-8.360000000000006e-001	-1.609901e-005
-8.370000000000006e-001	-1.614429e-005
-8.380000000000006e-001	-1.618963e-005
-8.390000000000006e-001	-1.623502e-005
-8.400000000000006e-001	-1.628045e-005
-8.410000000000006e-001	-1.632594e-005
-8.420000000000006e-001	-1.637147e-005
-8.430000000000006e-001	-1.641705e-005
-8.440000000000006e-001	-1.646269e-005
-8.450000000000006e-001	-1.650837e-005
-8.460000000000006e-001	-1.655410e-005
-8.470000000000006e-001	-1.659988e-005
-8.480000000000006e-001	-1.664571e-005
-8.490000000000006e-001	-1.669159e-005
-8.500000000000006e-001	-1.673752e-005
-8.510000000000006e-001	-1.678350e-005
-8.520000000000007e-001	-1.682952e-005
-8.530000000000007e-001	-1.687560e-005
-8.540000000000007e-001	-1.692172e-005
-8.550000000000007e-001	-1.696790e-005
-8.560000000000007e-001	-1.701412e-005
-8.570000000000007e-001	-1.706039e-005
-8.580000000000007e-001	-1.710671e-005
-8.590000000000007e-001	-1.715308e-005
-8.600000000000007e-001	-1.719949e-005
-8.610000000000007e-001	-1.724596e-005
-8.620000000000007e-001	-1.729247e-005
-8.630000000000007e-001	-1.733903e-005
-8.640000000000007e-001	-1.738564e-005
-8.650000000000007e-001	-1.743230e-005
-8.660000000000007e-001	-1.747901e-005
-8.670000000000007e-001	-1.752577e-005
-8.680000000000007e-001	-1.757257e-005
-8.690000000000007e-001	-1.761943e-005
-8.700000000000007e-001	-1.766633e-005
-8.710000000000007e-001	-1.771328e-005
-8.720000000000007e-001	-1.776027e-005
-8.730000000000007e-001	-1.780732e-005
-8.740000000000007e-001	-1.785441e-005
-8.750000000000007e-001	-1.790156e-005
-8.760000000000007e-001	-1.794875e-005
-8.770000000000007e-001	-1.799598e-005
-8.780000000000007e-001	-1.804327e-005
-8.790000000000007e-001	-1.809060e-005
-8.800000000000007e-001	-1.813798e-005
-8.810000000000007e-001	-1.818541e-005
-8.820000000000007e-001	-1.823289e-005
-8.830000000000007e-001	-1.828041e-005
-8.840000000000007e-001	-1.832798e-005
-8.850000000000007e-001	-1.837560e-005
-8.860000000000007e-001	-1.842327e-005
-8.870000000000007e-001	-1.847099e-005
-8.880000000000007e-001	-1.851875e-005
-8.890000000000007e-001	-1.856656e-005
-8.900000000000007e-001	-1.861442e-005
-8.910000000000007e-001	-1.866232e-005
-8.920000000000007e-001	-1.871027e-005
-8.930000000000007e-001	-1.875827e-005
-8.940000000000007e-001	-1.880631e-005
-8.950000000000007e-001	-1.885441e-005
-8.960000000000007e-001	-1.890255e-005
-8.970000000000007e-001	-1.895074e-005
-8.980000000000007e-001	-1.899897e-005
-8.990000000000007e-001	-1.904725e-005
-9.000000000000007e-001	-1.909558e-005
-9.010000000000007e-001	-1.914395e-005
-9.020000000000007e-001	-1.919238e-005
-9.030000000000007e-001	-1.924085e-005
-9.040000000000007e-001	-1.928936e-005
-9.050000000000007e-001	-1.933792e-005
-9.060000000000007e-001	-1.938653e-005
-9.070000000000007e-001	-1.943519e-005
-9.080000000000007e-001	-1.948389e-005
-9.090000000000007e-001	-1.953264e-005
-9.100000000000007e-001	-1.958143e-005
-9.110000000000007e-001	-1.963028e-005
-9.120000000000007e-001	-1.967916e-005
-9.130000000000007e-001	-1.972810e-005
-9.140000000000007e-001	-1.977708e-005
-9.150000000000007e-001	-1.982611e-005
-9.160000000000007e-001	-1.987518e-005
-9.170000000000007e-001	-1.992430e-005
-9.180000000000007e-001	-1.997347e-005
-9.190000000000007e-001	-2.002268e-005
-9.200000000000000e-001	-2.007194e-005
