1504.075053;10;13.2;-12.949375;-38.43165667
1974.979761;9;13.3;-12.94938;-38.431655
2521.285123;10;13.5;-12.949385;-38.43165333
2647.723983;11;13.5;-12.94939;-38.43165
2787.829084;29.91;13.4;-12.949395;-38.43164833
2701.9481;12;13.5;-12.9494;-38.431645
2848.53069;31.28;13.3;-12.949405;-38.43164333
3120.543192;11;13.6;-12.94941;-38.43164
3175.880787;11;13.6;-12.949415;-38.43163833
3130.113424;35.39;13.9;-12.94942;-38.431635
3137.130609;31.28;13.9;-12.949425;-38.43163167
3168.535239;29.91;13.5;-12.94943;-38.43163
3238.938876;10;13.9;-12.94943333;-38.43162667
3282.773559;9;13.6;-12.94943833;-38.43162333
3210.901949;11;13.6;-12.94944333;-38.43162
3188.611933;29.91;14.1;-12.94944833;-38.43161667
3288.848833;10;14.1;-12.94945333;-38.43161333
3235.297348;9;13.6;-12.94945667;-38.43161
3226.33044;9;14;-12.94946167;-38.43160667
3360.692038;7;14;-12.94946667;-38.43160333
3429.382282;6;13.5;-12.94947;-38.4316
3453.823129;0;14.2;-12.949475;-38.43159667
3453.359558;0;14.3;-12.94948;-38.43159333
3475.07352;6;14;-12.949485;-38.43159
3427.893857;6;14;-12.94948833;-38.43158667
3390.565068;0;14.1;-12.94949333;-38.43158333
3418.463378;6;14.1;-12.94949833;-38.43157833
3436.152911;7;14.2;-12.94950167;-38.431575
3531.121241;6;14.2;-12.94950667;-38.43157167
3486.402592;6;14.2;-12.94951167;-38.43156833
3397.84926;6;14.2;-12.949515;-38.431565
3347.846135;7;14.2;-12.94952;-38.43156
3352.088714;6;14.3;-12.949525;-38.43155667
3386.150922;8;14.3;-12.94952833;-38.43155333
3357.384553;10;14.4;-12.94953333;-38.43155
3374.894566;8;14.6;-12.94953833;-38.431545
3415.072951;8;14.6;-12.94954167;-38.43154167
3425.638495;8;14.6;-12.94954667;-38.43153833
3397.18231;7;14.6;-12.94955167;-38.43153333
3306.223638;8;14.6;-12.949555;-38.43153
3397.48454;8;14.5;-12.94956;-38.431525
3418.155467;8;14.5;-12.949565;-38.43152167
3416.005773;8;14.5;-12.94956833;-38.43151833
3378.271359;8;14.5;-12.94957333;-38.43151333
3356.9937;8;14.7;-12.94957833;-38.43151
3403.591627;7;14.7;-12.94958167;-38.431505
3311.308143;10;14.7;-12.94958667;-38.43150167
3318.300332;11;14.8;-12.94959167;-38.43149833
3397.368647;29.91;15;-12.949595;-38.43149333
3470.396911;9;15;-12.9496;-38.43149
3405.649289;8;15;-12.949605;-38.431485
3387.153052;10;15;-12.94960833;-38.43148167
3333.285703;11;15;-12.94961333;-38.43147667
3361.457838;9;15;-12.94961833;-38.43147333
3420.565352;9;15.2;-12.94962167;-38.43146833
3423.969414;9;15.2;-12.94962667;-38.43146333
3413.470905;10;15.3;-12.94963167;-38.43146
3368.643181;9;15.3;-12.949635;-38.431455
3338.38157;11;15.2;-12.94964;-38.43145
3400.832928;8;15;-12.94964333;-38.43144667
3320.06599;11;15.3;-12.94964833;-38.43144167
3299.453009;29.91;15.4;-12.94965167;-38.43143667
3356.858492;10;15.6;-12.94965667;-38.43143167
3389.890164;9;15.5;-12.94966;-38.43142833
3348.264258;10;15.5;-12.949665;-38.43142333
3381.515217;10;15.4;-12.94966833;-38.43141833
3480.004637;8;15.4;-12.94967333;-38.43141333
3442.237274;9;15.3;-12.94967667;-38.43140833
3345.883914;9;15.3;-12.94968167;-38.43140333
3511.360411;7;15.5;-12.949685;-38.43139833
3602.397481;9;15.3;-12.94968833;-38.43139333
3537.310135;9;15.3;-12.94969167;-38.43138833
3432.236422;10;15.3;-12.94969667;-38.43138333
3535.33996;10;15.4;-12.9497;-38.43137833
3434.661078;10;15.5;-12.94970333;-38.43137333
3388.13814;10;15.5;-12.94970667;-38.43136833
3546.025942;7;15.5;-12.94971;-38.43136167
3473.003359;9;15.6;-12.94971333;-38.43135667
3450.625855;11;15.6;-12.94971667;-38.43135167
3402.80992;11;15.6;-12.94972;-38.431345
3458.629264;9;15.7;-12.94972333;-38.43134
3430.020827;9;15.7;-12.949725;-38.431335
3469.357286;10;15.7;-12.94972833;-38.43132833
3441.815743;9;15.7;-12.94973167;-38.43132333
3509.642473;11;15.7;-12.949735;-38.43131667
3484.452869;11;15.8;-12.94973667;-38.43131167
3545.251052;9;15.4;-12.94974;-38.431305
3430.97751;11;15.4;-12.94974167;-38.4313
3347.147371;12;15.4;-12.949745;-38.43129333
3390.975237;10;15.6;-12.94974667;-38.43128833
3454.507122;11;15.4;-12.94974833;-38.43128167
3402.203188;11;15.4;-12.94975167;-38.431275
3518.972966;12;15.4;-12.94975333;-38.43127
3496.400036;10;15.3;-12.949755;-38.43126333
3507.317803;8;15.6;-12.94975667;-38.43125833
3452.267668;8;15.4;-12.94975833;-38.43125167
3557.68565;8;15.4;-12.94976;-38.431245
3420.794865;7;15.2;-12.94976333;-38.43124
3498.688347;8;15.3;-12.94976333;-38.43123333
3493.936749;6;15.6;-12.949765;-38.43122667
3506.304311;7;15.6;-12.94976667;-38.43122167
3476.977794;7;15.4;-12.94976833;-38.431215
3341.697009;8;15.4;-12.94976833;-38.43120833
3362.475876;7;15.4;-12.94977;-38.43120167
3405.712916;7;15.4;-12.94977167;-38.43119667
3408.423895;6;15.5;-12.94977167;-38.43119
3469.414096;7;15.2;-12.94977333;-38.43118333
3498.083888;0;15.4;-12.949775;-38.43117667
3417.628269;7;15.5;-12.949775;-38.43117167
3506.28954;9;15.2;-12.94977667;-38.431165
3413.185719;10;15.6;-12.94977667;-38.43115833
3396.483545;6;15.4;-12.94977667;-38.43115167
3343.614918;7;15.3;-12.94977833;-38.431145
3432.442074;0;15.3;-12.94977833;-38.43114
3409.036308;6;15.1;-12.94977833;-38.43113333
3501.569756;0;15.2;-12.94978;-38.43112667
3452.207449;7;15.2;-12.94977833;-38.43112
3508.071106;0;15;-12.94977833;-38.431115
3363.026934;8;15.1;-12.94977833;-38.43110833
3403.171232;7;14.8;-12.94977833;-38.43110167
3452.607392;6;15.1;-12.94977833;-38.431095
3357.633381;7;15.2;-12.94977833;-38.43109
3367.968277;8;15.1;-12.94977667;-38.43108333
3379.635938;8;14.9;-12.94977667;-38.43107667
3329.975946;11;14.7;-12.94977667;-38.43107167
3356.836904;9;15.1;-12.949775;-38.431065
3316.988018;10;15.1;-12.949775;-38.43105833
3373.162994;11;14.9;-12.949775;-38.43105333
3424.279597;11;14.9;-12.94977333;-38.43104667
3414.625287;9;14.9;-12.94977167;-38.43104
3424.120529;9;15;-12.94977167;-38.431035
3406.29806;9;14.9;-12.94977;-38.43102833
3386.453152;10;14.9;-12.94976833;-38.43102167
3299.372338;8;14.9;-12.94976833;-38.43101667
3330.892861;10;14.9;-12.94976667;-38.43101
3247.522884;29.91;14.9;-12.949765;-38.431005
3203.450735;32.65;15;-12.94976333;-38.43099833
3322.282721;32.65;14.6;-12.94976167;-38.43099167
3344.151205;29.91;14.8;-12.94976;-38.43098667
3349.237983;11;14.8;-12.94975833;-38.43098
3371.507547;10;14.8;-12.94975667;-38.430975
3257.065847;11;14.8;-12.949755;-38.43096833
3265.889594;11;14.7;-12.94975333;-38.43096333
3336.852242;10;14.7;-12.94975167;-38.43095667
3358.16626;12;14.7;-12.94975;-38.43095167
3527.800122;9;14.8;-12.94974833;-38.43094667
3143.169524;11;14.8;-12.949745;-38.43094
1840.115962;12;14.8;-12.94974333;-38.430935
1363.256418;29.91;15;-12.94974167;-38.43092833
989.9798891;29.91;14.8;-12.94974;-38.43092333
862.5116299;29.91;15.1;-12.94973667;-38.43091667
833.4100815;12;14.8;-12.949735;-38.43091167
514.7326163;12;14.9;-12.94973167;-38.43090667
988.3676181;29.91;14.9;-12.94973;-38.4309
719.9159739;38.13;14.8;-12.94972667;-38.430895
717.0209305;38.13;14.8;-12.949725;-38.43089
367.1706201;42.24;14.8;-12.94972167;-38.43088333
648.6363251;44.98;14.8;-12.94972;-38.43087833
1202.092944;47.72;14.8;-12.94971667;-38.43087333
1553.511214;44.98;14.9;-12.94971333;-38.43086667
1259.830198;47.72;14.9;-12.94971167;-38.43086167
1338.936008;47.72;14.9;-12.94970833;-38.43085667
1097.763444;44.98;14.7;-12.949705;-38.43085167
1032.728363;46.35;14.8;-12.94970167;-38.43084667
1065.986139;40.87;14.7;-12.94969833;-38.43084167
917.7935509;40.87;14.5;-12.949695;-38.43083667
1022.095782;39.5;14.6;-12.94969167;-38.43083167
1064.894249;39.5;14.6;-12.94968833;-38.43082667
782.400281;38.13;14.5;-12.949685;-38.43082167
636.720972;42.24;14.5;-12.94968167;-38.43081667
541.6515202;49.09;14.5;-12.94967833;-38.43081167
529.583916;43.61;14.5;-12.94967333;-38.43080833
604.3142111;42.24;14.3;-12.94967;-38.43080333
487.9625548;40.87;14.2;-12.94966667;-38.43079833
628.7505131;38.13;14.3;-12.94966167;-38.430795
614.2093966;35.39;14.1;-12.94965833;-38.43079
411.8676808;34.02;14.3;-12.949655;-38.43078667
257.1828327;38.13;14.3;-12.94965;-38.43078167
430.7831761;38.13;14.2;-12.94964667;-38.43077833
465.9247758;36.76;14.2;-12.94964167;-38.43077333
553.3634931;34.02;14.1;-12.94963833;-38.43077
525.2129459;39.5;14.1;-12.94963333;-38.43076667
181.943519;35.39;14;-12.94962833;-38.43076167
232.5863262;32.65;14;-12.949625;-38.43075833
150.468444;31.28;14;-12.94962;-38.430755
215.0694959;12;14;-12.94961667;-38.43075167
317.5117641;12;14;-12.94961167;-38.43074667
416.1557082;12;14;-12.94960667;-38.43074333
360.3397721;12;14;-12.94960333;-38.43074
261.7208246;12;14;-12.94959833;-38.43073667
274.497419;10;14.1;-12.94959333;-38.43073333
252.1540015;11;14.4;-12.94959;-38.43073
179.5438599;10;14.3;-12.949585;-38.43072667
7.918236044;9;14.3;-12.94958;-38.43072333
432.237515;7;14.3;-12.949575;-38.43072
314.7257962;7;14.3;-12.94957;-38.430715
554.0077198;7;14.5;-12.94956667;-38.43071167
0;6;14.4;-12.94956167;-38.43070833
 ;;14.5;-12.94955667;-38.430705
;;14.5;-12.94955167;-38.43070167
;;14.6;-12.94954667;-38.43069833
;;14.7;-12.94954167;-38.430695
;;14.5;-12.94953667;-38.43069167
;;14.5;-12.94953167;-38.43068833
;;14.8;-12.94952667;-38.430685
;;14.5;-12.94952167;-38.43068167
;;14.8;-12.94951667;-38.43067833
;;14.7;-12.94951167;-38.430675
;;14.7;-12.94950833;-38.43067167
;;14.7;-12.94950333;-38.43066833
;;14.8;-12.94949833;-38.430665
;;14.4;-12.94949333;-38.43066167
;;14.7;-12.94948833;-38.43065833
;;14.7;-12.94948333;-38.430655
;;14.7;-12.94947833;-38.43065167
;;14.7;-12.94947333;-38.43064833
;;14.7;-12.94946833;-38.430645
;;14.7;-12.94946333;-38.43064
;;14.7;-12.94945833;-38.43063667
;;14.7;-12.94945333;-38.43063333
;;14.7;-12.94944833;-38.43063
;;14.7;-12.949445;-38.43062667
;;14.7;-12.94944;-38.43062333
;;14.7;-12.949435;-38.43062
;;14.7;-12.94943;-38.43061667
;;14.7;-12.949425;-38.43061167
;;14.7;-12.94942;-38.43060833
;;14.7;-12.94941667;-38.430605
;;14.7;-12.94941167;-38.43060167
;;14.7;-12.94940667;-38.43059667
;;14.7;-12.94940167;-38.43059333
;;14.7;-12.94939667;-38.43059
;;15;-12.94939333;-38.430585
;;14.6;-12.94938833;-38.43058167
;;14.7;-12.94938333;-38.43057833
;;14.7;-12.94937833;-38.43057333
;;14.8;-12.949375;-38.43057
;;14.8;-12.94937;-38.43056667
;;14.8;-12.949365;-38.43056167
;;14.9;-12.94936167;-38.43055833
;;14.9;-12.94935667;-38.43055333
;;14.9;-12.94935167;-38.43055
;;14.9;-12.94934667;-38.430545
;;14.8;-12.94934333;-38.43054167
;;14.8;-12.94933833;-38.43053667
;;14.9;-12.949335;-38.43053333
;;14.9;-12.94933;-38.43052833
;;14.9;-12.949325;-38.430525
;;14.9;-12.94932167;-38.43052
;;14.8;-12.94931667;-38.43051667
;;14.8;-12.94931333;-38.43051167
;;14.8;-12.94930833;-38.43050833
;;14.8;-12.94930333;-38.43050333
;;15;-12.9493;-38.43049833
;;15.1;-12.949295;-38.430495
;;15.1;-12.94929167;-38.43049
;;15;-12.94928667;-38.430485
;;15;-12.94928333;-38.43048167
;;15.1;-12.94927833;-38.43047667
;;15;-12.949275;-38.43047167
;;15.2;-12.94927;-38.43046667
;;15.1;-12.94926667;-38.43046333
;;15.1;-12.94926333;-38.43045833
;;15.2;-12.94925833;-38.43045333
;;15.1;-12.949255;-38.43044833
;;15.4;-12.94925;-38.43044333
;;15.3;-12.94924667;-38.43044
;;15.3;-12.94924167;-38.430435
;;15.3;-12.94923833;-38.43043
;;15.3;-12.94923333;-38.430425
;;15.3;-12.94923;-38.43042
;;15.6;-12.94922667;-38.430415
;;15.5;-12.94922167;-38.43041
;;15.1;-12.94921833;-38.430405
;;15.4;-12.949215;-38.4304
;;15.4;-12.94921;-38.430395
;;15.4;-12.94920667;-38.43039
;;15.4;-12.94920333;-38.430385
;;15.4;-12.9492;-38.43038
;;15.4;-12.949195;-38.430375
;;15.4;-12.94919167;-38.43037
;;15.4;-12.94918833;-38.430365
;;15.1;-12.949185;-38.43036
;;15.4;-12.94918;-38.430355
;;15.1;-12.94917667;-38.43035
;;15.1;-12.94917333;-38.430345
;;15.3;-12.94917;-38.43034
;;15.4;-12.94916667;-38.430335
;;15.2;-12.94916333;-38.43033
;;15.2;-12.94916;-38.430325
;;15.1;-12.949155;-38.43032
;;15.2;-12.94915167;-38.430315
;;15.2;-12.94914833;-38.43030833
;;15.2;-12.949145;-38.43030333
;;15.2;-12.94914167;-38.43029833
;;15.3;-12.94913833;-38.43029333
;;15.3;-12.949135;-38.43028833
;;15.3;-12.94913167;-38.43028333
;;15.3;-12.94912833;-38.43027833
;;15.3;-12.949125;-38.43027167
;;15.1;-12.94912167;-38.43026667
;;15.1;-12.94911833;-38.43026167
;;15.2;-12.949115;-38.43025667
;;15.2;-12.94911167;-38.43025167
;;15.2;-12.94910833;-38.43024667
;;15.3;-12.949105;-38.43024
;;15.1;-12.94910167;-38.430235
;;15.3;-12.94909833;-38.43023
;;15.3;-12.949095;-38.430225
;;15.3;-12.94909167;-38.43022
;;15.3;-12.94908833;-38.43021333
;;15.3;-12.949085;-38.43020833
;;15.3;-12.94908167;-38.43020333
;;15.3;-12.94907833;-38.43019833
;;15.3;-12.949075;-38.43019167
;;15.3;-12.94907333;-38.43018667
;;15.4;-12.94907;-38.43018167
;;15.4;-12.94906667;-38.43017667
;;15.1;-12.94906333;-38.43017
;;15.5;-12.94906;-38.430165
;;15.5;-12.94905667;-38.43016
;;15.5;-12.94905333;-38.430155
;;15.2;-12.94905;-38.43014833
;;15.5;-12.94904667;-38.43014333
;;15.4;-12.94904333;-38.43013833
;;15.7;-12.94904;-38.43013333
;;15.5;-12.94903667;-38.43012667
;;15.4;-12.94903333;-38.43012167
;;15.4;-12.94903167;-38.43011667
;;15.3;-12.94902833;-38.43011
;;15.6;-12.949025;-38.430105
;;15.2;-12.94902167;-38.4301
;;15.3;-12.94901833;-38.430095
;;15.6;-12.949015;-38.43008833
;;15.5;-12.94901167;-38.43008333
;;15.5;-12.94900833;-38.43007833
;;15.5;-12.949005;-38.43007333
;;15.5;-12.94900167;-38.43006667
;;15.5;-12.949;-38.43006167
;;15.5;-12.94899667;-38.43005667
;;15.5;-12.94899333;-38.43005
;;15.5;-12.94899;-38.430045
;;15.5;-12.94898667;-38.43004
;;15.6;-12.94898333;-38.43003333
;;15.6;-12.94898;-38.43002833
;;15.8;-12.94897667;-38.43002333
;;15.7;-12.94897333;-38.43001667
;;15.8;-12.94897;-38.43001167
;;15.7;-12.94896667;-38.43000667
;;15.7;-12.94896333;-38.43
;;15.7;-12.94896167;-38.429995
;;16;-12.94895833;-38.42999
;;15.7;-12.948955;-38.42998333
;;16;-12.94895167;-38.42997833
;;16;-12.94894833;-38.42997167
;;15.9;-12.948945;-38.42996667
;;15.9;-12.94894167;-38.42996167
;;15.9;-12.94893833;-38.429955
;;15.9;-12.948935;-38.42995
;;15.8;-12.94893167;-38.42994333
;;15.8;-12.94893;-38.42993833
;;16.1;-12.94892667;-38.42993167
;;15.8;-12.94892333;-38.42992667
;;16;-12.94892;-38.42992167
;;16;-12.94891667;-38.429915
;;16;-12.94891333;-38.42991
;;15.9;-12.94891;-38.42990333
;;16;-12.94890667;-38.42989833
;;16;-12.94890333;-38.42989167
;;16;-12.9489;-38.42988667
;;16;-12.94889833;-38.42988
;;16;-12.948895;-38.429875
;;16;-12.94889167;-38.42987
;;16;-12.94888833;-38.42986333
;;15.9;-12.948885;-38.42985833
;;15.9;-12.94888167;-38.42985167
;;15.9;-12.94887833;-38.42984667
;;15.9;-12.948875;-38.42984
;;15.7;-12.94887167;-38.429835
;;15.9;-12.94887;-38.42983
;;15.9;-12.94886667;-38.42982333
;;15.8;-12.94886333;-38.42981833
;;15.8;-12.94886;-38.42981167
;;15.7;-12.94885667;-38.42980667
;;15.6;-12.94885333;-38.4298
;;15.6;-12.94885167;-38.429795
;;15.6;-12.94884833;-38.42979
;;15.5;-12.948845;-38.42978333
;;15.6;-12.94884167;-38.42977833
;;15.2;-12.94883833;-38.42977167
;;15.3;-12.94883667;-38.42976667
;;15.3;-12.94883333;-38.42976167
;;15.3;-12.94883;-38.429755
;;15.4;-12.94882667;-38.42975
;;15.1;-12.948825;-38.429745
;;15.1;-12.94882167;-38.42973833
;;15.2;-12.94881833;-38.42973333
;;15.2;-12.948815;-38.42972833
;;15.2;-12.94881333;-38.42972333
;;15.1;-12.94881;-38.42971667
;;15.2;-12.94880667;-38.42971167
;;15.1;-12.94880333;-38.42970667
;;15.2;-12.94880167;-38.4297
;;15.2;-12.94879833;-38.429695
;;15.4;-12.948795;-38.42969
;;15.4;-12.94879333;-38.42968333
;;15.4;-12.94879;-38.42967833
;;15.4;-12.94878667;-38.42967333
;;15.4;-12.94878333;-38.42966667
;;15.4;-12.94878167;-38.42966167
;;15.3;-12.94877833;-38.429655
;;15.3;-12.948775;-38.42965
;;15.3;-12.94877167;-38.429645
;;15.3;-12.94877;-38.42963833
;;15.3;-12.94876667;-38.42963333
;;15.4;-12.94876333;-38.42962833
;;15.4;-12.94876167;-38.42962167
;;15.4;-12.94875833;-38.42961667
;;15.4;-12.948755;-38.42961
;;15.6;-12.94875333;-38.429605
;;15.6;-12.94875;-38.4296
;;15.5;-12.94874667;-38.42959333
;;15.5;-12.948745;-38.42958833
;;15.5;-12.94874167;-38.42958167
;;15.1;-12.94873833;-38.42957667
;;15.3;-12.94873667;-38.42957
;;15.3;-12.94873333;-38.429565
;;15.3;-12.94873;-38.42956
;;15.4;-12.94872833;-38.42955333
;;15.4;-12.948725;-38.42954833
;;15.1;-12.94872333;-38.42954167
;;15.2;-12.94872;-38.42953667
;;15.4;-12.94871833;-38.42953
;;15;-12.948715;-38.429525
;;15.1;-12.94871167;-38.42952
;;15.1;-12.94871;-38.42951333
;;15.1;-12.94870833;-38.42950833
;;15.1;-12.948705;-38.42950167
;;15.1;-12.94870333;-38.42949667
;;15.1;-12.9487;-38.42949167
;;15.1;-12.94869833;-38.429485
;;15.1;-12.948695;-38.42948
;;15.1;-12.94869333;-38.42947333
;;15.1;-12.94869;-38.42946833
;;15.1;-12.94868833;-38.42946167
;;15.4;-12.94868667;-38.42945667
;;15;-12.94868333;-38.42945
;;15;-12.94868167;-38.429445
;;15.1;-12.94867833;-38.42944
;;15.2;-12.94867667;-38.42943333
;;15.3;-12.948675;-38.42942833
;;15.4;-12.94867167;-38.42942167
;;15;-12.94867;-38.42941667
;;15.1;-12.94866833;-38.42941
;;15.1;-12.948665;-38.429405
;;15.1;-12.94866333;-38.42939833
;;15;-12.94866167;-38.42939333
;;15;-12.94865833;-38.42938667
;;15;-12.94865667;-38.42938167
;;15;-12.94865333;-38.429375
;;15;-12.94865167;-38.42937
;;15;-12.94865;-38.42936333
;;15.1;-12.94864833;-38.42935833
;;15;-12.948645;-38.42935167
;;15;-12.94864333;-38.42934667
;;15.1;-12.94864167;-38.42934
;;15.1;-12.94864;-38.429335
;;15.1;-12.94863667;-38.42932833
;;15.1;-12.948635;-38.42932333
;;15.1;-12.94863333;-38.42931667
;;15.5;-12.94863167;-38.42931167
;;15.5;-12.94863;-38.429305
;;15.4;-12.94862667;-38.4293
;;15.4;-12.948625;-38.42929333
;;15.3;-12.94862333;-38.42928667
;;15.5;-12.94862167;-38.42928167
;;15.6;-12.94862;-38.429275
;;15.4;-12.94861833;-38.42926833
;;15.4;-12.94861667;-38.42926333
;;15.5;-12.948615;-38.42925667
;;15.5;-12.94861333;-38.42925
;;15.5;-12.94861167;-38.42924333
;;15.6;-12.94861;-38.42923833
;;15.5;-12.94861;-38.42923167
;;15.6;-12.94860833;-38.429225
;;15.6;-12.94860667;-38.42921833
;;15.6;-12.948605;-38.42921333
;;15.8;-12.94860333;-38.42920667
;;15.8;-12.94860167;-38.4292
;;15.8;-12.9486;-38.42919333
;;15.7;-12.9486;-38.42918833
;;15.8;-12.94859833;-38.42918167
;;15.7;-12.94859667;-38.429175
;;16;-12.948595;-38.42916833
;;16;-12.94859333;-38.42916167
;;16;-12.94859167;-38.429155
;;15.9;-12.94859167;-38.42915
;;15.9;-12.94859;-38.42914333
;;16;-12.94858833;-38.42913667
;;16;-12.94858667;-38.42913
;;16.2;-12.948585;-38.42912333
;;16.2;-12.948585;-38.42911667
;;16.1;-12.94858333;-38.42911
;;16.2;-12.94858167;-38.42910333
;;16.1;-12.94858;-38.42909667
;;16.1;-12.94858;-38.42909167
;;16.1;-12.94857833;-38.429085
;;16.2;-12.94857667;-38.42907833
;;16.2;-12.948575;-38.42907167
;;16.2;-12.948575;-38.429065
;;15.9;-12.94857333;-38.42905833
;;16;-12.94857167;-38.42905167
;;15.9;-12.94857;-38.429045
;;15.9;-12.94857;-38.42903833
;;15.7;-12.94856833;-38.42903167
;;15.8;-12.94856667;-38.42902667
;;15.8;-12.94856667;-38.42902
;;15.7;-12.948565;-38.42901333
;;15.6;-12.94856333;-38.42900667
;;15.6;-12.94856333;-38.429
;;15.3;-12.94856167;-38.42899333
;;15.4;-12.94856;-38.42898833
;;15.4;-12.94856;-38.42898167
;;15.2;-12.94855833;-38.428975
;;15.2;-12.94855667;-38.42897
;;15.5;-12.94855667;-38.42896333
;;15.2;-12.948555;-38.42895667
;;15.2;-12.94855333;-38.42895
;;15.3;-12.94855333;-38.428945
;;15.2;-12.94855167;-38.42893833
;;15.2;-12.94855;-38.42893167
;;15.2;-12.94855;-38.42892667
;;15.3;-12.94854833;-38.42892
;;15.5;-12.94854667;-38.42891333
;;15.5;-12.94854667;-38.42890667
;;15.5;-12.948545;-38.4289
;;15.2;-12.948545;-38.428895
;;15.3;-12.94854333;-38.42888833
;;15.3;-12.94854167;-38.42888167
;;15.5;-12.94854167;-38.42887667
;;15.5;-12.94854;-38.42887
;;15.5;-12.94853833;-38.42886333
;;15.4;-12.94853833;-38.42885667
;;15.5;-12.94853667;-38.42885
;;15.5;-12.94853667;-38.428845
;;15.4;-12.948535;-38.42883833
;;15.5;-12.94853333;-38.42883167
;;15.5;-12.94853333;-38.428825
;;15.4;-12.94853167;-38.42882
;;15.4;-12.94853167;-38.42881333
;;15.4;-12.94853;-38.42880667
;;15.4;-12.94853;-38.4288
;;15.4;-12.94852833;-38.428795
;;15.6;-12.94852833;-38.42878833
;;15.4;-12.94852667;-38.42878167
;;15.6;-12.948525;-38.428775
;;15.4;-12.948525;-38.42876833
;;15.4;-12.94852333;-38.42876333
;;15.4;-12.94852333;-38.42875667
;;15.3;-12.94852167;-38.42875
;;15.3;-12.94852167;-38.42874333
;;15.3;-12.94852;-38.42873833
;;15.3;-12.94852;-38.42873167
;;15.3;-12.94851833;-38.428725
;;15.3;-12.94851833;-38.42871833
;;15.3;-12.94851667;-38.42871333
;;15.6;-12.94851667;-38.42870667
;;15.2;-12.948515;-38.4287
;;15.2;-12.948515;-38.42869333
;;15.2;-12.94851333;-38.42868833
;;15.2;-12.94851333;-38.42868167
;;15.2;-12.94851167;-38.428675
;;15.2;-12.94851167;-38.42866833
;;15.2;-12.94851;-38.42866333
;;15.2;-12.94851;-38.42865667
;;15;-12.94850833;-38.42865
;;15.1;-12.94850833;-38.428645
;;14.8;-12.94850667;-38.42863833
;;14.9;-12.94850667;-38.42863167
;;15.2;-12.948505;-38.42862667
;;15.2;-12.948505;-38.42862
;;15.2;-12.948505;-38.42861333
;;15.2;-12.94850333;-38.42860667
;;15;-12.94850333;-38.42860167
;;15.2;-12.94850167;-38.428595
;;15.3;-12.94850167;-38.42858833
;;15.2;-12.94850167;-38.42858167
;;15.3;-12.9485;-38.42857667
;;15.2;-12.9485;-38.42857
;;15.2;-12.94849833;-38.42856333
;;15.4;-12.94849833;-38.42855667
;;15.7;-12.94849833;-38.42855167
;;15.3;-12.94849667;-38.428545
;;15.4;-12.94849667;-38.42853833
;;15.3;-12.94849667;-38.42853167
;;15.4;-12.94849667;-38.428525
;;15.4;-12.948495;-38.42852
;;15.4;-12.948495;-38.42851333
;;15.4;-12.948495;-38.42850667
;;15.6;-12.94849333;-38.4285
;;15.4;-12.94849333;-38.42849333
;;15.6;-12.94849333;-38.42848833
;;15.3;-12.94849333;-38.42848167
;;15.4;-12.94849167;-38.428475
;;15.5;-12.94849167;-38.42846833
;;15.5;-12.94849167;-38.42846167
;;15.5;-12.94849167;-38.42845667
;;15.6;-12.94849;-38.42845
;;15.6;-12.94849;-38.42844333
;;15.6;-12.94849;-38.42843667
;;15.6;-12.94849;-38.42843
;;15.6;-12.94849;-38.42842333
;;15.6;-12.94848833;-38.42841667
;;15.4;-12.94848833;-38.42841167
;;15.4;-12.94848833;-38.428405
;;15.7;-12.94848833;-38.42839833
;;15.5;-12.94848833;-38.42839167
;;15.5;-12.94848833;-38.428385
;;15.8;-12.94848833;-38.42837833
;;15.5;-12.94848667;-38.42837333
;;15.5;-12.94848667;-38.42836667
;;15.8;-12.94848667;-38.42836
;;15.7;-12.94848667;-38.42835333
;;15.5;-12.94848667;-38.42834667
;;15.6;-12.94848667;-38.42834
;;15.8;-12.948485;-38.42833333
;;15.8;-12.948485;-38.42832667
;;15.7;-12.948485;-38.42832167
;;15.6;-12.948485;-38.428315
;;15.6;-12.948485;-38.42830833
;;15.7;-12.948485;-38.42830167
;;15.6;-12.948485;-38.428295
;;15.7;-12.948485;-38.42828833
;;15.7;-12.948485;-38.42828167
;;15.7;-12.948485;-38.42827667
;;15.7;-12.948485;-38.42827
;;15.7;-12.94848333;-38.42826333
;;15.6;-12.94848333;-38.42825667
;;15.6;-12.94848333;-38.42825
;;15.9;-12.94848333;-38.42824333
;;15.7;-12.94848333;-38.42823667
;;15.7;-12.94848333;-38.42823
;;15.7;-12.94848333;-38.42822333
;;15.7;-12.94848333;-38.42821833
;;16;-12.94848333;-38.42821167
;;15.9;-12.94848333;-38.428205
;;15.8;-12.94848333;-38.42819833
;;15.6;-12.948485;-38.42819167
;;15.8;-12.948485;-38.428185
;;15.8;-12.948485;-38.42817833
;;15.8;-12.948485;-38.42817167
;;16;-12.948485;-38.428165
;;15.8;-12.948485;-38.42815833
;;15.8;-12.948485;-38.42815333
;;15.9;-12.948485;-38.42814667
;;15.9;-12.948485;-38.42814
;;15.9;-12.948485;-38.42813333
;;15.9;-12.948485;-38.42812667
;;15.9;-12.948485;-38.42812
;;15.9;-12.948485;-38.42811333
;;15.9;-12.948485;-38.42810667
;;15.9;-12.948485;-38.4281
;;15.9;-12.948485;-38.42809333
;;15.9;-12.948485;-38.42808667
;;16;-12.94848667;-38.42808
;;15.9;-12.94848667;-38.42807333
;;15.9;-12.94848667;-38.42806667
;;15.6;-12.94848667;-38.42806167
;;15.8;-12.94848667;-38.428055
;;15.8;-12.94848667;-38.42804833
;;15.5;-12.94848667;-38.42804167
;;15.6;-12.94848667;-38.428035
;;15.8;-12.94848833;-38.42802833
;;15.4;-12.94848833;-38.42802167
;;15.4;-12.94848833;-38.428015
;;15.4;-12.94848833;-38.42801
;;15.4;-12.94848833;-38.42800333
;;15.4;-12.94848833;-38.42799667
;;15.3;-12.94848833;-38.42799
;;15.3;-12.94849;-38.42798333
;;15.1;-12.94849;-38.42797833
;;15;-12.94849;-38.42797167
;;15.1;-12.94849;-38.427965
;;15.1;-12.94849;-38.42796
;;15.1;-12.94849;-38.42795333
;;15.1;-12.94849167;-38.42794667
;;15.1;-12.94849167;-38.42794
;;15.1;-12.94849167;-38.427935
;;15;-12.94849167;-38.42792833
;;15;-12.94849167;-38.42792167
;;15;-12.94849167;-38.42791667
;;14.6;-12.94849333;-38.42791
;;15.1;-12.94849333;-38.42790333
;;14.9;-12.94849333;-38.42789833
;;14.8;-12.94849333;-38.42789167
;;15.1;-12.94849333;-38.427885
;;14.8;-12.948495;-38.42787833
;;14.8;-12.948495;-38.42787333
;;14.9;-12.948495;-38.42786667
;;14.6;-12.948495;-38.42786
;;14.9;-12.94849667;-38.427855
;;14.9;-12.94849667;-38.42784833
;;14.8;-12.94849667;-38.42784333
;;14.8;-12.94849833;-38.42783667
;;14.8;-12.94849833;-38.42783
;;14.8;-12.94849833;-38.427825
;;14.8;-12.9485;-38.42781833
;;14.8;-12.9485;-38.42781167
;;14.7;-12.9485;-38.42780667
;;14.7;-12.94850167;-38.4278
;;14.8;-12.94850167;-38.42779333
;;14.7;-12.94850167;-38.42778833
;;14.7;-12.94850333;-38.42778167
;;14.7;-12.94850333;-38.42777667
;;14.5;-12.948505;-38.42777
;;14.8;-12.948505;-38.42776333
;;14.7;-12.948505;-38.42775833
;;14.7;-12.94850667;-38.42775167
;;14.7;-12.94850667;-38.42774667
;;14.4;-12.94850833;-38.42774
;;14.6;-12.94850833;-38.42773333
;;14.5;-12.94850833;-38.42772833
;;14.5;-12.94851;-38.42772167
;;14.4;-12.94851;-38.42771667
;;14.4;-12.94851167;-38.42771
;;14.2;-12.94851167;-38.427705
;;14.3;-12.94851167;-38.42769833
;;14.3;-12.94851333;-38.42769333
;;14.4;-12.94851333;-38.42768667
;;14.4;-12.948515;-38.42768167
;;14.3;-12.948515;-38.427675
;;14;-12.948515;-38.42767
;;14.1;-12.94851667;-38.42766333
;;14.1;-12.94851667;-38.42765833
;;14.2;-12.94851833;-38.42765167
;;13.9;-12.94851833;-38.42764667
;;14;-12.94852;-38.42764
;;13.8;-12.94852;-38.427635
;;13.8;-12.94852;-38.42762833
;;13.8;-12.94852167;-38.42762333
;;13.9;-12.94852167;-38.42761833
;;13.8;-12.94852333;-38.42761167
;;13.8;-12.94852333;-38.42760667
;;13.8;-12.948525;-38.4276
;;13.8;-12.948525;-38.427595
;;13.7;-12.948525;-38.42759
;;13.7;-12.94852667;-38.42758333
;;13.7;-12.94852667;-38.42757833
;;13.5;-12.94852833;-38.42757333
;;13.5;-12.94852833;-38.42756667
;;13.6;-12.94853;-38.42756167
;;13.5;-12.94853;-38.42755667
;;13.5;-12.94853167;-38.42755
;;13.2;-12.94853167;-38.427545
;;13.5;-12.94853167;-38.42754
;;13.5;-12.94853333;-38.427535
;;13.4;-12.94853333;-38.42752833
;;13.4;-12.948535;-38.42752333
;;13.5;-12.948535;-38.42751833
;;13.2;-12.94853667;-38.42751167
;;13.2;-12.94853667;-38.42750667
;;13.3;-12.94853833;-38.42750167
;;13.4;-12.94853833;-38.42749667
;;13.4;-12.94854;-38.42749
;;13.4;-12.94854;-38.427485
;;13.4;-12.94854167;-38.42748
;;13.4;-12.94854167;-38.427475
;;13.4;-12.94854333;-38.42746833
;;13.4;-12.948545;-38.42746333
;;13.4;-12.948545;-38.42745833
;;13.4;-12.94854667;-38.42745333
;;13.4;-12.94854667;-38.42744667
;;13.4;-12.94854833;-38.42744167
;;13.4;-12.94854833;-38.42743667
;;13.4;-12.94855;-38.42743
;;13.4;-12.94855167;-38.427425
;;13.6;-12.94855167;-38.42742
;;13.5;-12.94855333;-38.427415
;;13.2;-12.94855333;-38.42740833
;;13.5;-12.948555;-38.42740333
;;13.8;-12.948555;-38.42739833
;;13.7;-12.94855667;-38.42739333
;;13.7;-12.94855833;-38.42738667
;;13.7;-12.94855833;-38.42738167
;;13.6;-12.94856;-38.42737667
;;13.6;-12.94856;-38.42737
;;13.6;-12.94856167;-38.427365
;;14;-12.94856333;-38.42736
;;13.9;-12.94856333;-38.42735333
;;13.9;-12.948565;-38.42734833
;;13.9;-12.94856667;-38.42734333
;;14;-12.94856667;-38.42733667
;;13.8;-12.94856833;-38.42733167
;;14.2;-12.94857;-38.427325
;;14.4;-12.94857167;-38.42732
;;14.3;-12.94857167;-38.427315
;;14.3;-12.94857333;-38.42730833
;;14.3;-12.948575;-38.42730333
;;14.3;-12.948575;-38.42729667
;;14.7;-12.94857667;-38.42729167
;;14.7;-12.94857833;-38.427285
;;14.6;-12.94858;-38.42728
;;14.6;-12.94858167;-38.42727333
;;14.6;-12.94858333;-38.42726833
;;14.8;-12.94858333;-38.42726167
;;15;-12.948585;-38.42725667
;;14.5;-12.94858667;-38.42725
;;14.6;-12.94858833;-38.42724333
;;15;-12.94859;-38.42723833
;;14.9;-12.94859;-38.42723167
;;14.7;-12.94859167;-38.42722667
;;14.8;-12.94859333;-38.42722
;;15;-12.948595;-38.427215
;;14.9;-12.94859667;-38.42720833
;;15;-12.94859833;-38.42720167
;;14.9;-12.94859833;-38.42719667
;;14.9;-12.9486;-38.42719
;;14.9;-12.94860167;-38.427185
;;14.9;-12.94860333;-38.42717833
;;15;-12.948605;-38.42717167
;;15;-12.94860667;-38.42716667
;;15.2;-12.94860833;-38.42716
;;14.9;-12.94860833;-38.427155
;;14.9;-12.94861;-38.42714833
;;15.1;-12.94861167;-38.42714167
;;15.2;-12.94861333;-38.42713667
;;15;-12.948615;-38.42713
;;15;-12.94861667;-38.427125
;;15;-12.94861833;-38.42711833
;;15;-12.94861833;-38.42711167
;;15.1;-12.94862;-38.42710667
;;15.1;-12.94862167;-38.4271
;;15;-12.94862333;-38.42709333
;;14.8;-12.948625;-38.42708833
;;14.8;-12.94862667;-38.42708167
;;14.9;-12.94862833;-38.42707667
;;14.8;-12.94862833;-38.42707
;;14.8;-12.94863;-38.427065
;;14.8;-12.94863167;-38.42705833
;;14.8;-12.94863333;-38.42705167
;;14.7;-12.948635;-38.42704667
;;14.7;-12.948635;-38.42704
;;14.7;-12.94863667;-38.427035
;;14.7;-12.94863833;-38.42702833
;;14.6;-12.94864;-38.42702333
;;14.6;-12.94864167;-38.42701667
;;14.6;-12.94864167;-38.42701167
;;14.4;-12.94864333;-38.427005
;;14.4;-12.948645;-38.427
;;14.6;-12.94864667;-38.42699333
;;14.7;-12.94864667;-38.42698833
;;14.3;-12.94864833;-38.42698167
;;14.4;-12.94865;-38.42697667
;;14.4;-12.94865167;-38.42697
;;14.3;-12.94865167;-38.426965
;;14.3;-12.94865333;-38.42695833
;;14.4;-12.948655;-38.42695333
;;14.3;-12.94865667;-38.42694667
;;14.3;-12.94865667;-38.42694167
;;14.1;-12.94865833;-38.42693667
;;14.1;-12.94866;-38.42693
;;14.1;-12.94866;-38.426925
;;14.1;-12.94866167;-38.42691833
;;13.9;-12.94866333;-38.42691333
;;14.1;-12.948665;-38.42690667
;;13.9;-12.948665;-38.42690167
;;13.8;-12.94866667;-38.42689667
;;13.7;-12.94866667;-38.42689
;;13.8;-12.94866833;-38.426885
;;13.8;-12.94867;-38.42688
;;13.7;-12.94867167;-38.42687333
;;13.9;-12.94867167;-38.42686833
;;13.7;-12.94867333;-38.42686333
;;13.4;-12.948675;-38.42685667
;;13.4;-12.948675;-38.42685167
;;13.7;-12.94867667;-38.42684667
;;13.6;-12.94867833;-38.42684167
;;13.6;-12.94868;-38.426835
;;13.6;-12.94868;-38.42683
;;13.5;-12.94868167;-38.426825
;;13.5;-12.94868333;-38.42682
;;13.5;-12.948685;-38.42681333
;;13.4;-12.94868667;-38.42680833
;;13.4;-12.94868667;-38.42680333
;;13.4;-12.94868833;-38.42679833
;;13.3;-12.94869;-38.42679167
;;13.5;-12.94869167;-38.42678667
;;13.2;-12.94869167;-38.42678167
;;13.2;-12.94869333;-38.42677667
;;13.3;-12.948695;-38.42677167
;;13.3;-12.94869667;-38.426765
;;13.3;-12.94869833;-38.42676
;;13.4;-12.94869833;-38.426755
;;13.1;-12.9487;-38.42675
;;13.1;-12.94870167;-38.426745
;;13.1;-12.94870333;-38.42674
;;13.2;-12.948705;-38.426735
;;13.2;-12.94870667;-38.42672833
;;13.3;-12.94870833;-38.42672333
;;13.3;-12.94871;-38.42671833
;;13.3;-12.94871167;-38.42671333
;;13.3;-12.94871333;-38.42670833
;;13.3;-12.94871333;-38.42670333
;;13.3;-12.948715;-38.42669833
;;13.4;-12.94871667;-38.42669167
;;13.6;-12.94871833;-38.42668667
;;13.5;-12.94872;-38.42668167
;;13.5;-12.94872167;-38.42667667
;;13.5;-12.94872333;-38.42667167
;;13.5;-12.948725;-38.426665
;;13.7;-12.94872667;-38.42666
;;13.7;-12.94872833;-38.426655
;;13.8;-12.94873;-38.42665
;;14;-12.94873167;-38.426645
;;13.9;-12.94873333;-38.42663833
;;13.8;-12.94873667;-38.42663333
;;13.9;-12.94873833;-38.42662833
;;13.9;-12.94874;-38.42662333
;;14;-12.94874167;-38.42661667
;;14;-12.94874333;-38.42661167
;;14;-12.948745;-38.42660667
;;14.1;-12.94874667;-38.42660167
;;14.1;-12.94874833;-38.426595
;;14.1;-12.94875167;-38.42659
;;14.1;-12.94875333;-38.426585
;;14.1;-12.948755;-38.42657833
;;14.1;-12.94875667;-38.42657333
;;14.1;-12.94875833;-38.42656833
;;14.1;-12.94876;-38.42656333
;;14.3;-12.94876333;-38.42655667
;;14.1;-12.948765;-38.42655167
;;14.1;-12.94876667;-38.42654667
;;14.3;-12.94876833;-38.42654
;;14;-12.94877;-38.426535
;;14;-12.94877167;-38.42653
;;14.2;-12.948775;-38.426525
;;14.2;-12.94877667;-38.42651833
;;14.2;-12.94877833;-38.42651333
;;14.1;-12.94878167;-38.42650833
;;14.2;-12.94878333;-38.42650333
;;14.2;-12.948785;-38.42649667
;;14.2;-12.94878667;-38.42649167
;;14.2;-12.94879;-38.42648667
;;14.2;-12.94879167;-38.42648167
;;14.2;-12.94879333;-38.426475
;;14.2;-12.94879667;-38.42647
;;14.3;-12.94879833;-38.426465
;;14.3;-12.9488;-38.42646
;;14.3;-12.94880333;-38.42645333
;;14.7;-12.948805;-38.42644833
;;14.5;-12.94880667;-38.42644333
;;14.5;-12.94881;-38.42643833
;;14.5;-12.94881167;-38.42643167
;;14.8;-12.948815;-38.42642667
;;14.8;-12.94881667;-38.42642167
;;14.7;-12.94881833;-38.426415
;;14.8;-12.94882167;-38.42641
;;14.9;-12.94882333;-38.42640333
;;14.9;-12.94882667;-38.42639833
;;14.9;-12.94882833;-38.42639333
;;15;-12.94883;-38.42638667
;;15;-12.94883333;-38.42638167
;;15;-12.948835;-38.426375
;;15;-12.94883833;-38.42637
;;15.1;-12.94884;-38.426365
;;15.1;-12.94884333;-38.42635833
;;15.2;-12.948845;-38.42635333
;;15.2;-12.94884667;-38.42634667
;;15.3;-12.94885;-38.42634167
;;15.3;-12.94885167;-38.426335
;;15.3;-12.948855;-38.42633
;;15.4;-12.94885667;-38.42632333
;;15.4;-12.94886;-38.42631833
;;15.4;-12.94886167;-38.42631167
;;15.4;-12.948865;-38.42630667
;;15.4;-12.94886667;-38.4263
;;15.5;-12.94886833;-38.426295
;;15.5;-12.94887167;-38.42628833
;;15.5;-12.94887333;-38.42628333
;;15.5;-12.94887667;-38.42627667
;;15.5;-12.94888;-38.42627167
;;15.3;-12.94888167;-38.426265
;;15.6;-12.948885;-38.42626
;;15.6;-12.94888667;-38.42625333
;;15.3;-12.94889;-38.42624833
;;15.4;-12.94889167;-38.42624167
;;15.4;-12.948895;-38.42623667
;;15.5;-12.94889667;-38.42623
;;15.5;-12.9489;-38.426225
;;15.4;-12.94890167;-38.42621833
;;15.5;-12.948905;-38.42621333
;;15.4;-12.94890667;-38.42620667
;;15.4;-12.94891;-38.42620167
;;15.5;-12.94891333;-38.426195
;;15.5;-12.948915;-38.42619
;;15.5;-12.94891833;-38.42618333
;;15.5;-12.94892;-38.42617833
;;15.5;-12.94892333;-38.42617167
;;15.5;-12.948925;-38.42616667
;;15.2;-12.94892833;-38.42616
;;15.4;-12.94893167;-38.426155
;;15.1;-12.94893333;-38.42615
;;15.5;-12.94893667;-38.42614333
;;15.5;-12.94893833;-38.42613833
;;15.5;-12.94894167;-38.42613167
;;15.2;-12.948945;-38.42612667
;;15.4;-12.94894667;-38.42612
;;15.4;-12.94895;-38.426115
;;15.3;-12.94895167;-38.42611
;;15.4;-12.948955;-38.42610333
;;15.2;-12.94895833;-38.42609833
;;15.4;-12.94896;-38.42609167
;;15.4;-12.94896333;-38.42608667
;;15.3;-12.94896667;-38.42608
;;15.3;-12.94896833;-38.426075
;;15.2;-12.94897167;-38.42607
;;15.3;-12.94897333;-38.42606333
;;15.3;-12.94897667;-38.42605833
;;15.3;-12.94898;-38.42605333
;;15.3;-12.94898333;-38.42604667
;;15.3;-12.948985;-38.42604167
;;15.1;-12.94898833;-38.426035
;;15.3;-12.94899167;-38.42603
;;15.3;-12.94899333;-38.426025
;;15.3;-12.94899667;-38.42601833
;;15.2;-12.949;-38.42601333
;;15.2;-12.94900333;-38.42600833
;;15.2;-12.949005;-38.42600167
;;15.2;-12.94900833;-38.42599667
;;15.3;-12.94901167;-38.42599167
;;15.3;-12.949015;-38.425985
;;15.3;-12.94901667;-38.42598
;;15;-12.94902;-38.425975
;;15.1;-12.94902333;-38.42597
;;15.4;-12.94902667;-38.42596333
;;15.1;-12.94902833;-38.42595833
;;15.3;-12.94903167;-38.42595333
;;15.3;-12.949035;-38.42594667
;;15.1;-12.94903833;-38.42594167
;;15.1;-12.94904167;-38.42593667
;;15.5;-12.94904333;-38.42593167
;;15.1;-12.94904667;-38.425925
;;15.4;-12.94905;-38.42592
;;15.4;-12.94905333;-38.425915
;;15.4;-12.94905667;-38.42590833
;;15.4;-12.94906;-38.42590333
;;15.4;-12.94906167;-38.42589833
;;15.4;-12.949065;-38.42589167
;;15.4;-12.94906833;-38.42588667
;;15.4;-12.94907167;-38.42588167
;;15.4;-12.949075;-38.42587667
;;15.4;-12.94907833;-38.42587
;;15.4;-12.94908167;-38.425865
;;15.4;-12.94908333;-38.42586
;;15.5;-12.94908667;-38.42585333
;;15.2;-12.94909;-38.42584833
;;15.5;-12.94909333;-38.42584333
;;15.6;-12.94909667;-38.42583833
;;15.5;-12.9491;-38.42583167
;;15.5;-12.94910333;-38.42582667
;;15.7;-12.94910667;-38.42582167
;;15.5;-12.94911;-38.425815
;;15.5;-12.94911333;-38.42581
;;15.5;-12.94911667;-38.425805
;;15.5;-12.94912;-38.4258
;;15.8;-12.94912333;-38.42579333
;;15.8;-12.94912667;-38.42578833
;;15.7;-12.94913;-38.42578333
;;15.7;-12.94913333;-38.42577667
;;15.7;-12.94913667;-38.42577167
;;15.7;-12.94914;-38.42576667
;;15.5;-12.94914333;-38.42576167
;;15.5;-12.94914667;-38.425755
;;15.5;-12.94915;-38.42575
;;15.3;-12.94915333;-38.425745
;;15.5;-12.94915667;-38.42574
;;15.5;-12.94916;-38.42573333
;;15.5;-12.94916333;-38.42572833
;;15.4;-12.94916667;-38.42572333
;;15.4;-12.94917;-38.42571833
;;15.4;-12.94917333;-38.42571333
;;15.4;-12.94917667;-38.42570667
;;15.4;-12.94918;-38.42570167
;;15.2;-12.94918333;-38.42569667
;;15.2;-12.94918667;-38.42569167
;;15.4;-12.94919;-38.42568667
;;15.4;-12.94919333;-38.42568167
;;15.4;-12.94919833;-38.425675
;;15.2;-12.94920167;-38.42567
;;15.1;-12.949205;-38.425665
;;15.1;-12.94920833;-38.42566
;;15.2;-12.94921167;-38.425655
;;14.9;-12.949215;-38.42565
;;15;-12.94921833;-38.425645
;;15.1;-12.94922167;-38.42563833
;;15.1;-12.949225;-38.42563333
;;15;-12.94922833;-38.42562833
;;15;-12.94923167;-38.42562333
;;15;-12.949235;-38.42561833
;;15;-12.94923833;-38.42561333
;;14.7;-12.94924167;-38.42560833
;;15.1;-12.949245;-38.42560333
;;15;-12.94924833;-38.42559833
;;14.8;-12.94925167;-38.42559333
;;14.9;-12.949255;-38.42558833
;;14.9;-12.94925833;-38.42558333
;;14.7;-12.94926167;-38.42557833
;;14.8;-12.949265;-38.42557333
;;14.5;-12.94926833;-38.42556833
;;14.8;-12.94927167;-38.42556333
;;14.8;-12.949275;-38.42555833
;;14.8;-12.94927833;-38.42555333
;;14.8;-12.94928333;-38.42554833
;;15;-12.94928667;-38.42554333
;;14.8;-12.94929;-38.42553833
;;14.8;-12.94929333;-38.42553333
;;14.8;-12.94929667;-38.42552833
;;14.8;-12.9493;-38.42552333
;;15;-12.94930333;-38.42551833
;;15;-12.94930667;-38.42551333
;;14.7;-12.94931;-38.42550833
;;14.8;-12.94931333;-38.42550333
;;15;-12.94931667;-38.42549833
;;14.9;-12.94932;-38.42549333
;;15;-12.94932333;-38.42548833
;;15;-12.94932667;-38.42548333
;;15;-12.94933167;-38.42547833
;;14.8;-12.949335;-38.42547333
;;14.5;-12.94933833;-38.42546833
;;14.9;-12.94934167;-38.42546333
;;15;-12.949345;-38.42545833
;;14.9;-12.94934833;-38.42545333
;;15.2;-12.94935167;-38.42544833
;;15.2;-12.949355;-38.42544333
;;15.1;-12.94935833;-38.42543833
;;15.1;-12.94936333;-38.42543167
;;14.9;-12.94936667;-38.42542667
;;14.9;-12.94937;-38.42542167
;;15.3;-12.94937333;-38.42541667
;;15;-12.94937667;-38.42541167
;;15;-12.94938;-38.42540667
;;15.1;-12.94938333;-38.42540167
;;15.1;-12.94938667;-38.42539667
;;15.1;-12.94939;-38.42539167
;;15;-12.94939333;-38.42538667
;;15;-12.94939833;-38.42538167
;;15;-12.94940167;-38.42537667
;;15.1;-12.949405;-38.42537167
;;15.3;-12.94940833;-38.42536667
;;15.3;-12.94941167;-38.42536167
;;15.1;-12.949415;-38.42535667
;;15.3;-12.94941833;-38.42535167
;;15;-12.94942167;-38.42534667
;;15.1;-12.94942667;-38.42534167
;;15.2;-12.94943;-38.42533667
;;15.2;-12.94943333;-38.42533
;;15.2;-12.94943667;-38.425325
;;15.3;-12.94944;-38.42532
;;15.3;-12.94944333;-38.425315
;;15.3;-12.94944833;-38.42531
;;15.3;-12.94945167;-38.425305
;;15.3;-12.949455;-38.4253
;;15.3;-12.94945833;-38.425295
;;15.3;-12.94946167;-38.42529
;;15.4;-12.949465;-38.425285
;;15.6;-12.94947;-38.42528
;;15.6;-12.94947333;-38.425275
;;15.5;-12.94947667;-38.42527
;;15.8;-12.94948;-38.425265
;;15.8;-12.949485;-38.42525833
;;15.8;-12.94948833;-38.42525333
;;16.1;-12.94949167;-38.42524833
;;16.1;-12.949495;-38.42524333
;;16.1;-12.9495;-38.42523833
;;16.1;-12.94950333;-38.42523167
;;16.5;-12.94950667;-38.42522667
;;16.5;-12.94951167;-38.42522167
;;16.6;-12.949515;-38.42521667
;;16.6;-12.94951833;-38.42521
;;16.9;-12.94952333;-38.425205
;;16.8;-12.94952667;-38.4252
;;17;-12.94953167;-38.42519333
;;17.3;-12.949535;-38.42518833
;;17.3;-12.94954;-38.42518167
;;17.5;-12.94954333;-38.42517667
;;17.6;-12.94954833;-38.42517
;;17.8;-12.94955167;-38.425165
;;18;-12.94955667;-38.42515833
;;18;-12.94956;-38.42515333
;;18;-12.949565;-38.42514667
;;18.4;-12.94956833;-38.42514167
;;18.4;-12.94957333;-38.425135
;;19;-12.94957833;-38.42512833
;;18.9;-12.94958167;-38.42512167
;;19.1;-12.94958667;-38.42511667
;;19.6;-12.94959167;-38.42511
;;19.1;-12.94959667;-38.42510333
;;19.1;-12.9496;-38.42509667
;;19.1;-12.949605;-38.42509
;;19.5;-12.94961;-38.42508333
;;19.9;-12.949615;-38.42507833
;;20.1;-12.94961833;-38.42507167
;;20.2;-12.94962333;-38.425065
;;20.2;-12.94962833;-38.42505667
;;20.2;-12.94963333;-38.42505
;;20.3;-12.94963833;-38.42504333
;;20.5;-12.94964333;-38.42503667
;;20.8;-12.94964833;-38.42503
;;20.9;-12.94965333;-38.42502333
;;20.9;-12.94965833;-38.42501667
;;20.9;-12.94966167;-38.42501
;;21.2;-12.94966833;-38.42500167
;;21.5;-12.94967333;-38.424995
;;21.4;-12.94967833;-38.42498833
;;21.4;-12.94968333;-38.42498167
;;21.8;-12.94968833;-38.42497333
;;21.8;-12.94969333;-38.42496667
;;21.8;-12.94969833;-38.42495833
;;21.8;-12.94970333;-38.42495167
;;22;-12.94970833;-38.424945
;;22;-12.94971333;-38.42493667
;;22.6;-12.94971833;-38.42493
;;22.8;-12.94972333;-38.42492167
;;23.1;-12.94973;-38.424915
;;22.9;-12.949735;-38.42490667
;;22.6;-12.94974;-38.4249
;;23;-12.949745;-38.42489167
;;23.1;-12.94975167;-38.42488333
;;23.5;-12.94975667;-38.42487667
;;23.5;-12.94976167;-38.42486833
;;23.6;-12.94976667;-38.42486
;;23.6;-12.94977333;-38.42485333
;;23.7;-12.94977833;-38.424845
;;23.9;-12.949785;-38.42483667
;;24;-12.94979;-38.42482833
;;24.1;-12.949795;-38.42482
;;24.1;-12.94980167;-38.42481333
;;24.1;-12.94980667;-38.424805
;;24.3;-12.94981333;-38.42479667
;;24.6;-12.94981833;-38.42478667
;;24.3;-12.94982333;-38.42477833
;;24.4;-12.94983;-38.42476833
;;24.4;-12.949835;-38.42476
;;24.4;-12.94984;-38.42475
;;24.7;-12.949845;-38.42474
;;24.6;-12.94985;-38.42473
;;24.6;-12.949855;-38.42472
;;24.6;-12.94986;-38.42471
;;24.7;-12.94986333;-38.4247
;;24.7;-12.94986833;-38.42469167
;;24.7;-12.949875;-38.42468167
;;24.8;-12.94988;-38.42467333
;;25.3;-12.949885;-38.42466333
;;25.2;-12.94989;-38.42465333
;;25.1;-12.949895;-38.424645
;;24.9;-12.9499;-38.424635
;;24.4;-12.949905;-38.424625
;;25.2;-12.94991;-38.42461667
;;25;-12.949915;-38.42460667
;;25;-12.94992;-38.42459667
;;25.2;-12.94992333;-38.42458833
;;25;-12.94993;-38.42457833
;;24.9;-12.949935;-38.42457
;;24.9;-12.94994;-38.42456
;;24.9;-12.94994667;-38.42455167
;;24.7;-12.94995167;-38.42454167
;;24.6;-12.94995667;-38.42453333
;;24.6;-12.94996167;-38.424525
;;24.7;-12.94996667;-38.424515
;;24.6;-12.94997167;-38.42450667
;;24.5;-12.94997667;-38.42449833
;;24.6;-12.94998167;-38.42449
;;24.3;-12.94998667;-38.42448
;;24.5;-12.94999167;-38.42447167
;;24.1;-12.94999667;-38.42446333
;;24;-12.95000167;-38.424455
;;24.1;-12.95000667;-38.42444667
;;24.6;-12.95001167;-38.42443833
;;24.6;-12.95001667;-38.42442833
;;24.6;-12.95002333;-38.42442
;;24.3;-12.95002833;-38.42441167
;;24.3;-12.950035;-38.42440167
;;24.3;-12.95004;-38.42439333
;;24.1;-12.95004667;-38.42438333
;;24.3;-12.95005167;-38.424375
;;23.9;-12.95005667;-38.424365
;;24.4;-12.95006333;-38.42435667
;;24.4;-12.95006833;-38.42434833
;;24;-12.95007167;-38.42433833
;;24;-12.95007833;-38.42433
;;24;-12.95008167;-38.42432167
;;23.9;-12.95008833;-38.42431167
;;24;-12.95009333;-38.42430333
;;24;-12.95009833;-38.424295
;;23.9;-12.95010333;-38.42428667
;;23.7;-12.95010833;-38.42427833
;;23.6;-12.95011333;-38.42427
;;23.6;-12.95012;-38.42426333
;;23.2;-12.950125;-38.424255
;;23;-12.95013167;-38.42424833
;;23.2;-12.95013667;-38.42424
;;23.5;-12.95014167;-38.42423167
;;23.5;-12.95014667;-38.42422333
;;22.7;-12.95015167;-38.424215
;;22.1;-12.95015667;-38.42420833
;;21.7;-12.95016167;-38.42420167
;;22.2;-12.95016667;-38.42419333
;;22.8;-12.95017333;-38.42418667
;;22.8;-12.95017833;-38.42417833
;;22;-12.95018333;-38.42417167
;;21.4;-12.95019;-38.42416333
;;21.4;-12.950195;-38.42415667
;;21.7;-12.9502;-38.42415
;;21.8;-12.950205;-38.42414333
;;21.7;-12.95021;-38.424135
;;21.4;-12.950215;-38.42412833
;;21.3;-12.95022167;-38.42412167
;;21.3;-12.95022667;-38.424115
;;21.3;-12.95023167;-38.42410833
;;21.7;-12.95023667;-38.42410167
;;21.7;-12.95024333;-38.42409333
;;21.7;-12.95024833;-38.42408667
;;21.7;-12.95025333;-38.42408
;;21.7;-12.95025833;-38.42407333
;;21.1;-12.950265;-38.42406667
;;21.3;-12.95027;-38.42406
;;21.3;-12.950275;-38.42405333
;;21.2;-12.95028;-38.42404667
;;21.2;-12.95028667;-38.42403833
;;21.2;-12.95029167;-38.42403167
;;21.2;-12.95029667;-38.42402667
;;21.2;-12.95030333;-38.42402
;;21.2;-12.95030833;-38.42401333
;;21.3;-12.950315;-38.42400667
;;21.3;-12.95032;-38.424
;;21;-12.95032667;-38.42399333
;;20.8;-12.95033167;-38.42398667
;;20.8;-12.95033833;-38.42398167
;;20.7;-12.95034333;-38.423975
;;20.7;-12.95035;-38.42396833
;;20.7;-12.950355;-38.42396333
;;20.6;-12.95036167;-38.42395667
;;20.4;-12.95036833;-38.42395167
;;20.4;-12.95037333;-38.423945
;;20.6;-12.95038;-38.42394
;;20.7;-12.95038667;-38.42393333
;;20.7;-12.95039167;-38.42392833
;;20.8;-12.95039833;-38.42392333
;;20.8;-12.950405;-38.42391667
;;21;-12.95041167;-38.42391167
;;21.1;-12.95041833;-38.42390667
;;21.5;-12.950425;-38.42390167
;;21.5;-12.95043333;-38.42389667
;;21.5;-12.95044;-38.42389167
;;21.5;-12.95044667;-38.42388667
;;21.6;-12.950455;-38.42388167
;;21.6;-12.95046167;-38.42387667
;;21.8;-12.95047;-38.42387333
;;21.8;-12.95047667;-38.42386833
;;21.8;-12.950485;-38.423865
;;21.6;-12.95049333;-38.42386
;;21.6;-12.9505;-38.42385667
;;21.4;-12.95050833;-38.42385333
;;21.7;-12.95051667;-38.42385
;;21.7;-12.950525;-38.42384667
;;21.8;-12.95053333;-38.42384333
;;21.6;-12.95054167;-38.42384
;;21.5;-12.95055;-38.42383667
;;21.5;-12.95055833;-38.423835
;;21.5;-12.95056667;-38.42383167
;;21.5;-12.950575;-38.42383
;;21.6;-12.95058333;-38.42382833
;;21.5;-12.95059167;-38.423825
;;21.5;-12.9506;-38.42382333
;;21.5;-12.95060833;-38.42382167
;;21.6;-12.95061667;-38.42382
;;21.6;-12.95062667;-38.42382
;;21.3;-12.950635;-38.42381833
;;21.2;-12.95064333;-38.42381667
;;21.3;-12.95065167;-38.42381667
;;21.3;-12.95066;-38.42381667
;;21.6;-12.95066833;-38.423815
;;21.4;-12.95067833;-38.423815
;;21.1;-12.95068667;-38.423815
;;21.1;-12.950695;-38.423815
;;21.4;-12.95070333;-38.42381667
;;21.4;-12.95071167;-38.42381667
;;21.5;-12.95072;-38.42381667
;;22.1;-12.95073;-38.42381833
;;21.8;-12.95073833;-38.42382
;;21.8;-12.95074667;-38.42382167
;;22.2;-12.950755;-38.42382333
;;22.5;-12.95076333;-38.423825
;;22.3;-12.95077333;-38.42382667
;;22.2;-12.95078167;-38.42383
;;22.3;-12.95079;-38.42383167
;;22.3;-12.95079833;-38.423835
;;22.2;-12.95080833;-38.42383833
;;22.4;-12.95081667;-38.42384
;;22.2;-12.950825;-38.42384333
;;22;-12.95083333;-38.42384667
;;22.5;-12.95084167;-38.42385
;;22;-12.95085;-38.423855
;;22;-12.95085833;-38.42385833
;;21.6;-12.950865;-38.42386167
;;21.6;-12.95087333;-38.423865
;;21.4;-12.95088167;-38.42386833
;;21.1;-12.95089;-38.42387333
;;21.1;-12.95089667;-38.42387667
;;20.7;-12.950905;-38.42388
;;20.7;-12.95091167;-38.423885
;;20.7;-12.95092;-38.42388833
;;20.7;-12.95092667;-38.42389333
;;20.7;-12.95093333;-38.42389667
;;20.8;-12.95094;-38.42390167
;;20.5;-12.95094833;-38.42390667
;;20.5;-12.95095333;-38.42391167
;;20.6;-12.95096;-38.42391833
;;20.9;-12.95096667;-38.42392333
;;20.9;-12.95097333;-38.42392833
;;20.8;-12.95098;-38.423935
;;20.4;-12.950985;-38.42394
;;20.4;-12.95099167;-38.42394667
;;20.3;-12.95099667;-38.42395333
;;20.4;-12.95100167;-38.42396
;;20.7;-12.95100667;-38.42396667
;;20.7;-12.95101167;-38.42397333
;;20.5;-12.95101667;-38.42398
;;20.6;-12.95102167;-38.42398667
;;20.6;-12.951025;-38.42399333
;;20.6;-12.95103;-38.42400167
;;20.6;-12.95103333;-38.42400833
;;20.9;-12.95103833;-38.42401667
;;20.9;-12.95104167;-38.424025
;;20.9;-12.951045;-38.42403167
;;20.9;-12.95104833;-38.42404
;;20.9;-12.95105167;-38.42404833
;;20.9;-12.951055;-38.42405667
;;20.9;-12.95105667;-38.42406333
;;21.3;-12.95106;-38.42407167
;;21.3;-12.95106167;-38.42408167
;;21.4;-12.95106333;-38.42409
;;21.5;-12.95106667;-38.42409833
;;21.3;-12.95106833;-38.42410667
;;21.3;-12.95107;-38.424115
;;20.7;-12.95107167;-38.42412333
;;20.9;-12.95107333;-38.42413167
;;21.2;-12.95107333;-38.42414
;;21.1;-12.951075;-38.42415
;;21.1;-12.95107667;-38.42415833
;;21.1;-12.95107667;-38.42416667
;;21;-12.95107833;-38.424175
;;21;-12.95107833;-38.42418333
;;20.9;-12.95107833;-38.42419333
;;20.9;-12.95107833;-38.42420167
;;20.9;-12.95107833;-38.42421
;;21.1;-12.95107833;-38.42421833
;;21.1;-12.95107667;-38.42422667
;;21.1;-12.95107667;-38.424235
;;20.9;-12.951075;-38.424245
;;20.8;-12.95107333;-38.42425333
;;20.8;-12.95107167;-38.42426167
;;20.6;-12.95107;-38.42427
;;20.6;-12.95106667;-38.42427833
;;20.6;-12.951065;-38.42428667
;;20.7;-12.95106167;-38.42429333
;;20.7;-12.95106;-38.42430167
;;20.6;-12.95105667;-38.42431
;;20.9;-12.95105333;-38.42431833
;;21;-12.95104833;-38.424325
;;21.1;-12.951045;-38.42433333
;;21.1;-12.95104;-38.42434
;;21.4;-12.95103667;-38.42434833
;;21.4;-12.95103167;-38.424355
;;21.3;-12.95102667;-38.42436333
;;21.3;-12.95102167;-38.42437
;;21.2;-12.95101667;-38.42437667
;;21.3;-12.95101333;-38.424385
;;20.7;-12.95100667;-38.42439167
;;20.4;-12.95100167;-38.42439833
;;20.1;-12.95099667;-38.424405
;;20;-12.95099167;-38.42441167
;;19.8;-12.95098667;-38.42441833
;;19.6;-12.95098167;-38.42442333
;;19.5;-12.95097667;-38.42443
;;19.2;-12.95097167;-38.42443667
;;19.1;-12.950965;-38.42444167
;;18.8;-12.95096;-38.42444667
;;19;-12.950955;-38.42445333
;;19;-12.95095;-38.42445833
;;19;-12.95094333;-38.42446333
;;19.6;-12.95093833;-38.42446833
;;19.5;-12.95093167;-38.42447333
;;19.5;-12.950925;-38.42447833
;;19.5;-12.95091833;-38.42448333
;;19.6;-12.95091167;-38.42448667
;;19.4;-12.950905;-38.42449167
;;18.9;-12.95089833;-38.424495
;;18.2;-12.95089167;-38.4245
;;18.4;-12.950885;-38.42450333
;;18.5;-12.95087833;-38.42450667
;;18.5;-12.95087167;-38.42451
;;18.5;-12.950865;-38.42451333
;;18.3;-12.95085833;-38.42451667
;;17.8;-12.95085167;-38.42452
;;17.8;-12.950845;-38.42452333
;;17.8;-12.95083833;-38.424525
;;17.4;-12.95083167;-38.42452833
;;18;-12.950825;-38.42453
;;18.5;-12.95081833;-38.42453333
;;17.3;-12.95081167;-38.424535
;;17.3;-12.950805;-38.42453833
;;17;-12.95079833;-38.42454
;;17;-12.95079167;-38.42454167
;;16.8;-12.950785;-38.42454333
;;16.8;-12.95077833;-38.424545
;;16.6;-12.95077167;-38.42454667
;;16.3;-12.950765;-38.42454833
;;16.3;-12.95075833;-38.42454833
;;16;-12.95075167;-38.42455
;;16;-12.950745;-38.42455
;;16;-12.95074;-38.42455167
;;15.6;-12.95073333;-38.42455167
;;15.5;-12.95072667;-38.42455333
;;15.5;-12.95072;-38.42455333
;;15.7;-12.95071333;-38.42455333
;;15.2;-12.95070833;-38.42455333
;;15.2;-12.95070167;-38.42455333
;;15;-12.950695;-38.42455333
;;14.9;-12.95069;-38.42455333
;;15;-12.95068333;-38.42455333
;;15.5;-12.95067667;-38.42455333
;;15.1;-12.95067167;-38.42455333
;;15.1;-12.950665;-38.42455333
;;14.7;-12.95065833;-38.42455167
;;15;-12.95065333;-38.42455167
;;14.8;-12.95064667;-38.42455167
;;14.7;-12.95064167;-38.42455
;;14.8;-12.950635;-38.42455
;;14.8;-12.95062833;-38.42455
;;15.1;-12.95062333;-38.42454833
;;15.2;-12.95061667;-38.42454833
