966.0654827;0;10.5;-12.948445;-38.43103;Video 5 - 1:21
892.3339094;6;10.6;-12.94844667;-38.43103;
1090.46486;6;10.9;-12.94845;-38.43103;
1139.771493;0;11.2;-12.94845333;-38.43103167;
1268.202115;0;11.2;-12.948455;-38.43103167;
1459.363601;6;11.3;-12.94845833;-38.43103333;
1527.783429;10;12;-12.94846;-38.43103333;
1340.195299;10;12.4;-12.94846333;-38.431035;
1626.755735;9;12.6;-12.94846667;-38.431035;
1577.568403;11;12.9;-12.94847;-38.43103667;
1878.355227;9;13.3;-12.94847167;-38.43103833;
2069.222436;12;13.3;-12.948475;-38.43104;
2340.705468;29.91;13.8;-12.94847833;-38.43104;
2491.23977;31.28;14.3;-12.94848167;-38.43104167;
2541.649655;29.91;14.8;-12.948485;-38.43104333;
2669.641704;29.91;15.5;-12.94848833;-38.431045;
2594.089934;31.28;15.4;-12.94849167;-38.43104833;
2641.058263;29.91;15.8;-12.948495;-38.43105;
2632.125441;12;16.7;-12.94849833;-38.43105167;
2687.043778;29.91;16.7;-12.94850167;-38.431055;
2625.778615;31.28;16.7;-12.948505;-38.43105667;
2684.440738;11;17.2;-12.94850833;-38.43106;
2636.662297;29.91;17.3;-12.94851167;-38.43106167;
2647.394863;29.91;17.4;-12.948515;-38.431065;
2548.208951;31.28;18;-12.94851833;-38.43106833;
2413.157678;31.28;18.1;-12.94852167;-38.43107;
2540.153277;32.65;18.2;-12.948525;-38.43107333;
2607.080135;32.65;19;-12.94852833;-38.43107667;
2643.178417;39.5;19.4;-12.94853167;-38.43108;
2573.907574;40.87;19.6;-12.948535;-38.431085;
2691.551092;36.76;20.1;-12.94853833;-38.43108833;
2744.293601;44.98;20.2;-12.94854167;-38.43109167;
2548.483912;43.61;20.2;-12.948545;-38.431095;
2543.79026;39.5;20.6;-12.94854833;-38.4311;
2598.057553;35.39;20.9;-12.94855167;-38.43110333;
2616.650367;31.28;21.3;-12.948555;-38.43110833;
2695.91979;34.02;21.4;-12.94855833;-38.43111167;
2813.365609;34.02;21.5;-12.94856167;-38.43111667;
2664.266331;34.02;22.1;-12.948565;-38.43112167;
2812.040797;12;22.1;-12.94856833;-38.43112667;
2803.744248;12;22.5;-12.94857167;-38.43113;
2715.706752;12;22.5;-12.94857333;-38.431135;
2833.441166;11;22.7;-12.94857667;-38.43114;
2768.838978;12;23.3;-12.94858;-38.431145;
2751.236933;11;23.4;-12.94858333;-38.43115;
2865.211654;10;23.3;-12.948585;-38.43115667;
2791.371005;29.91;24.3;-12.94858833;-38.43116167;
3008.423132;10;24.6;-12.94859167;-38.43116667;
2834.266049;10;25;-12.948595;-38.43117167;
2901.980295;8;25.5;-12.94859667;-38.43117833;
2836.740698;29.91;26.3;-12.9486;-38.43118333;
2841.807024;11;26.3;-12.94860167;-38.43119;
2879.706186;11;26.4;-12.948605;-38.43119667;
2959.164219;11;27;-12.94860833;-38.43120167;
2814.954019;31.28;27.1;-12.94861;-38.43120833;
2893.071333;29.91;27.2;-12.94861333;-38.431215;
2915.56473;31.28;27.7;-12.948615;-38.43122167;
2887.182397;10;28;-12.94861833;-38.43122833;
2839.766404;35.39;28;-12.94862;-38.431235;
2856.515162;31.28;28;-12.94862333;-38.43124167;
2932.102153;29.91;28;-12.94862667;-38.43124833;
2838.725643;29.91;28.4;-12.94862833;-38.431255;
2817.508202;32.65;28.7;-12.94863167;-38.43126167;
2945.800208;31.28;28.8;-12.94863333;-38.43126833;
3018.867103;29.91;28.8;-12.94863667;-38.431275;
3052.679346;29.91;28.9;-12.94864;-38.43128167;
2999.993647;31.28;29;-12.94864167;-38.43128833;
3045.107694;31.28;29;-12.948645;-38.43129667;
3051.991944;31.28;29.1;-12.94864833;-38.43130333;
2980.912266;29.91;29.2;-12.94865;-38.43131;
3028.857729;34.02;29.2;-12.94865333;-38.43131667;
3051.359079;11;29.9;-12.94865667;-38.43132333;
3026.294457;36.76;29.6;-12.94865833;-38.43133;
3090.224013;12;29.7;-12.94866167;-38.43133833;
3113.853612;29.91;30.1;-12.948665;-38.431345;
3184.928744;12;29.9;-12.94866833;-38.43135167;
3211.836286;12;30;-12.94867167;-38.43135833;
3138.810294;32.65;30.3;-12.94867333;-38.431365;
3262.284803;11;30.3;-12.94867667;-38.43137333;
3048.020917;31.28;30.4;-12.94868;-38.43138;
3042.001317;31.28;30.4;-12.94868333;-38.43138667;
3027.832875;31.28;30.5;-12.94868667;-38.43139333;
3122.879603;29.91;30.9;-12.94869;-38.43140167;
3220.036258;32.65;31;-12.94869333;-38.43140833;
3111.405096;32.65;31.1;-12.94869667;-38.431415;
3087.603931;32.65;31.1;-12.9487;-38.43142333;
3240.186805;32.65;31.1;-12.94870333;-38.43143;
3094.612027;34.02;31.1;-12.94870667;-38.43143667;
3082.009271;34.02;31.2;-12.94871;-38.43144333;
3013.380382;34.02;31.1;-12.94871333;-38.43145167;
3003.677215;34.02;31.1;-12.94871833;-38.43145833;
3025.641141;36.76;31.2;-12.94872167;-38.431465;
3007.184671;32.65;30.7;-12.948725;-38.43147167;
3000.290196;34.02;30.5;-12.94873;-38.43147833;
3029.161095;32.65;29.8;-12.94873333;-38.431485;
3076.692981;32.65;30.5;-12.94873667;-38.43149167;
2974.830176;35.39;30.6;-12.94874167;-38.43149833;
3026.094485;12;30.2;-12.948745;-38.431505;
3119.027877;34.02;30.1;-12.94875;-38.43151167;
3004.877044;35.39;30.4;-12.948755;-38.43151667;
2983.515306;34.02;30.1;-12.94876;-38.43152333;
2981.474686;38.13;30.1;-12.948765;-38.43152833;
3094.582485;29.91;30.1;-12.94877;-38.431535;
3181.880314;12;30.1;-12.948775;-38.43154;
3075.574958;11;29.6;-12.94878;-38.43154667;
3016.442447;10;30;-12.948785;-38.43155167;
3008.154988;8;30;-12.94879167;-38.43155667;
2919.384642;7;29.3;-12.94879667;-38.43156167;
3009.929736;8;29.2;-12.94880167;-38.43156667;
3013.370156;9;29.2;-12.94880833;-38.43157167;
3072.921925;7;29.2;-12.94881333;-38.43157667;
3143.004017;6;29.7;-12.94882;-38.43158;
3150.305253;0;29.3;-12.948825;-38.431585;
3218.074037;6;29.2;-12.94883167;-38.43159;
3034.530787;6;29.1;-12.94883833;-38.43159333;
3062.45523;0;29.1;-12.94884333;-38.43159833;
3139.318177;6;28.7;-12.94885;-38.43160167;
3106.042221;6;29.2;-12.94885667;-38.431605;
3124.909996;6;28.7;-12.94886167;-38.43161;
3173.371295;6;28.6;-12.94886833;-38.43161333;
3189.045205;9;29.1;-12.948875;-38.43161667;
3101.732606;8;29.2;-12.94888167;-38.43162;
3114.685312;8;29.1;-12.94888833;-38.43162333;
3047.284658;9;29.1;-12.948895;-38.43162667;
3115.207965;8;29.1;-12.9489;-38.43163;
3156.181691;9;29.8;-12.94890667;-38.43163333;
3117.680341;8;29.7;-12.94891333;-38.43163667;
3117.907581;7;29.7;-12.94892;-38.43164;
3067.774929;7;29.6;-12.94892667;-38.43164333;
3092.023758;8;29.4;-12.94893333;-38.43164667;
3115.626087;7;29;-12.94894;-38.43165;
3087.501673;6;29;-12.94894833;-38.43165167;
3136.987826;0;28.5;-12.948955;-38.431655;
3096.974191;8;28.5;-12.94896167;-38.43165833;
3064.392455;10;29;-12.94896833;-38.43166;
3005.796232;10;28.5;-12.948975;-38.43166167;
2984.147034;9;28.4;-12.94898167;-38.431665;
3056.904882;7;28.3;-12.94898833;-38.43166667;
2945.605917;10;27.8;-12.948995;-38.43166833;
2939.060256;11;27.8;-12.94900167;-38.43167;
2910.704056;11;27.9;-12.94900833;-38.43167167;
2955.96581;8;28;-12.949015;-38.43167333;
3023.251707;8;28.1;-12.94902333;-38.431675;
3034.584189;8;27.9;-12.94903;-38.43167667;
3082.864831;11;27.6;-12.94903667;-38.43167833;
3277.191776;12;27.5;-12.94904333;-38.43167833;
3140.221458;11;27.5;-12.94905;-38.43168;
3479.532356;12;27.5;-12.94905667;-38.43168167;
2682.430796;11;27.5;-12.94906333;-38.43168167;
2738.427389;32.65;27.2;-12.94907;-38.43168333;
2680.883289;36.76;27.2;-12.94907667;-38.43168333;
2710.365465;35.39;27.1;-12.94908333;-38.43168333;
2895.784584;34.02;27.1;-12.94909167;-38.431685;
2900.490734;36.76;27;-12.94909833;-38.431685;
2851.730614;31.28;27.2;-12.949105;-38.431685;
2827.248864;29.91;27.1;-12.94911167;-38.431685;
2788.855453;31.28;26.8;-12.94911833;-38.431685;
2765.697379;32.65;26.8;-12.949125;-38.431685;
2759.890249;32.65;26.9;-12.94913167;-38.431685;
2853.125871;34.02;26.9;-12.94913833;-38.43168333;
2791.892522;32.65;26.6;-12.949145;-38.43168333;
2840.176573;31.28;26.7;-12.94915167;-38.43168333;
2772.900901;34.02;26.6;-12.94915833;-38.43168167;
2740.407789;36.76;26.7;-12.949165;-38.43168167;
2879.734591;11;26.8;-12.94917167;-38.43168;
2699.356801;35.39;26.4;-12.94917833;-38.43167833;
2816.289057;34.02;26.5;-12.949185;-38.43167667;
2760.848068;34.02;26.9;-12.94919167;-38.431675;
2760.451533;35.39;26.9;-12.94919833;-38.431675;
2739.192053;35.39;26.9;-12.949205;-38.43167333;
2796.287352;35.39;27.7;-12.94921167;-38.43167;
2770.111525;35.39;27.7;-12.94921833;-38.43166833;
2817.525245;29.91;28;-12.949225;-38.43166667;
2828.899766;32.65;28;-12.94923167;-38.431665;
2863.853892;29.91;27.9;-12.94923833;-38.43166333;
2893.734876;12;28.3;-12.949245;-38.43166;
2879.200576;29.91;27.9;-12.94925167;-38.43165833;
2930.665994;10;29.3;-12.94925833;-38.43165667;
3001.358226;11;28.8;-12.949265;-38.43165333;
3042.387626;9;28.8;-12.94927167;-38.43165;
3025.260513;8;28.8;-12.94927833;-38.43164833;
2990.447276;7;29.4;-12.949285;-38.431645;
3049.475256;8;30;-12.94929167;-38.43164167;
3117.292896;8;30;-12.94929833;-38.43163833;
2995.780609;6;30.4;-12.949305;-38.431635;
2725.200858;0;30.4;-12.94931167;-38.43163167;
2567.503938;0;30.5;-12.94931833;-38.43162833;
2595.759016;0;31;-12.949325;-38.43162333;
2535.535751;0;31.4;-12.94933167;-38.43162;
2464.052722;0;32.1;-12.94933833;-38.43161667;
2373.605341;0;32.1;-12.94934667;-38.43161167;
2033.201416;0;32.2;-12.94935333;-38.43160833;
1857.287765;0;32.5;-12.94936;-38.43160333;Video 5 - 3:51
;;32.6;-12.94936667;-38.4316;
;;33;-12.94937333;-38.431595;
;;32.9;-12.94938167;-38.43159;
;;33.1;-12.94938833;-38.43158667;
;;33.2;-12.949395;-38.43158167;
;;33.5;-12.94940167;-38.43157667;
;;33.2;-12.94941;-38.43157167;
;;33.3;-12.94941667;-38.43156833;
;;32.9;-12.94942333;-38.43156333;
;;33.1;-12.94943;-38.43155833;
;;33.1;-12.94943667;-38.43155333;
;;33;-12.94944333;-38.43154833;
;;33;-12.94945;-38.43154333;
;;33;-12.94945667;-38.43153833;
;;33;-12.94946333;-38.43153333;
;;32.9;-12.94947;-38.43152667;
;;33.6;-12.94947667;-38.43152167;
;;33.6;-12.94948333;-38.43151667;
;;33.2;-12.94949;-38.43151167;
;;33.2;-12.949495;-38.43150667;
;;32.9;-12.94950167;-38.4315;
;;32.9;-12.94950833;-38.431495;
;;33;-12.949515;-38.43149;
;;33;-12.94952167;-38.43148333;
;;33;-12.94952667;-38.43147833;
;;32.9;-12.94953333;-38.43147333;
;;32.4;-12.94954;-38.43146667;
;;32.4;-12.949545;-38.43146167;
;;32.4;-12.94955167;-38.431455;
;;32.4;-12.94955667;-38.43145;
;;32.4;-12.94956333;-38.431445;
;;32.4;-12.94956833;-38.43143833;
;;32.4;-12.949575;-38.43143167;
;;32.4;-12.94958;-38.43142667;
;;32.3;-12.949585;-38.43142;
;;32.3;-12.94959;-38.43141333;
;;32.2;-12.94959667;-38.43140833;
;;32.1;-12.94960167;-38.43140167;
;;32;-12.94960667;-38.431395;
;;32;-12.94961167;-38.43138833;
;;32;-12.94961667;-38.43138167;
;;32;-12.94962;-38.431375;
;;32;-12.949625;-38.43136833;
;;31.3;-12.94963;-38.43136167;
;;31.3;-12.94963333;-38.431355;
;;31.4;-12.94963833;-38.43134833;
;;30.9;-12.94964333;-38.43134167;
;;30.8;-12.94964667;-38.431335;
;;30.3;-12.94965;-38.43132833;
;;30.3;-12.949655;-38.43132167;
;;30.2;-12.94965833;-38.431315;
;;30.1;-12.94966167;-38.43130833;
;;30.5;-12.949665;-38.43130167;
;;29.6;-12.94967;-38.431295;
;;29.9;-12.94967333;-38.43128833;
;;29.4;-12.94967667;-38.43128;
;;29.5;-12.94967833;-38.43127333;
;;29.2;-12.94968167;-38.43126667;
;;29.1;-12.949685;-38.43126;
;;28.6;-12.94968667;-38.43125333;
;;28.7;-12.94969;-38.43124667;
;;29.2;-12.94969167;-38.43124;
;;29.7;-12.949695;-38.43123167;
;;30.3;-12.94969667;-38.431225;
;;30.9;-12.94969833;-38.43121667;
;;31.3;-12.9497;-38.43121;
;;31.5;-12.94970167;-38.43120167;
;;32.2;-12.94970333;-38.43119333;
;;32.7;-12.949705;-38.431185;
;;32.8;-12.94970667;-38.43117833;
;;32.4;-12.94970833;-38.43117;
;;32.4;-12.94970833;-38.43116167;
;;32.4;-12.94971;-38.43115333;
;;32.5;-12.94971;-38.431145;
;;32.5;-12.94971167;-38.43113667;
;;32.6;-12.94971167;-38.43112833;
;;32.6;-12.94971333;-38.43112;
;;32;-12.94971333;-38.43111167;
;;31.6;-12.94971333;-38.43110333;
;;31.7;-12.94971333;-38.431095;
;;31.6;-12.94971333;-38.43108667;
;;31.5;-12.94971333;-38.43107833;
;;31.4;-12.94971333;-38.43107;
;;31.3;-12.94971167;-38.43106333;
;;31.3;-12.94971167;-38.431055;
;;31.3;-12.94971;-38.43104667;
;;31.3;-12.94971;-38.43103833;
;;31.7;-12.94970833;-38.43103;
;;31.8;-12.94970833;-38.43102333;
;;31.8;-12.94970667;-38.431015;
;;31.7;-12.949705;-38.43100667;
;;31.4;-12.94970333;-38.43099833;
;;31.3;-12.94970333;-38.43099;
;;31;-12.94970167;-38.43098333;
;;31;-12.9497;-38.430975;
;;31;-12.94969833;-38.43096667;
;;30.9;-12.94969667;-38.43096;
;;30.7;-12.949695;-38.43095167;
;;30.6;-12.94969333;-38.430945;
;;30.6;-12.94969;-38.43093667;
;;30.6;-12.94968833;-38.43093;
;;30.6;-12.949685;-38.43092167;
;;31;-12.94968167;-38.430915;
;;31.3;-12.94967833;-38.43090833;
;;31.4;-12.949675;-38.4309;
;;31.7;-12.94967167;-38.43089333;
;;31.6;-12.94966833;-38.43088667;
;;31.2;-12.94966333;-38.43088;
;;31.1;-12.94966;-38.43087167;
;;30.4;-12.94965667;-38.430865;
;;30.1;-12.94965167;-38.43085833;
;;30;-12.94964833;-38.43085333;
;;29.9;-12.94964333;-38.43084667;
;;29.9;-12.94963833;-38.43084;
;;29.8;-12.949635;-38.43083333;
;;29.7;-12.94963;-38.43082833;
;;29.8;-12.949625;-38.43082167;
;;30.3;-12.94962;-38.430815;
;;30.4;-12.94961667;-38.43081;
;;30.2;-12.94961;-38.43080333;
;;30.2;-12.949605;-38.43079833;
;;30.3;-12.9496;-38.43079333;
;;30.2;-12.949595;-38.43078667;
;;30.2;-12.94959;-38.43078167;
;;30.3;-12.949585;-38.43077667;
;;30.3;-12.94957833;-38.43077;
;;30.6;-12.94957333;-38.430765;
;;30.7;-12.94956833;-38.43076;
;;30.7;-12.94956167;-38.430755;
;;30.8;-12.94955667;-38.43075;
;;30.9;-12.94955;-38.430745;
;;31;-12.94954333;-38.43074;
;;31.1;-12.94953833;-38.430735;
;;30.7;-12.94953167;-38.43073;
;;30.9;-12.949525;-38.430725;
;;31;-12.94952;-38.43072;
;;31.1;-12.94951333;-38.43071667;
;;31.1;-12.94950667;-38.43071167;
;;31.5;-12.9495;-38.43070667;
;;31.4;-12.94949333;-38.43070167;
;;31.4;-12.94948833;-38.43069667;
;;31.5;-12.94948167;-38.43069167;
;;31.5;-12.949475;-38.43068667;
;;31.5;-12.94946833;-38.43068167;
;;31.6;-12.94946167;-38.43067833;
;;31.9;-12.949455;-38.43067333;
;;31.8;-12.94945;-38.43066833;
;;31.6;-12.94944333;-38.43066333;
;;31.5;-12.94943667;-38.43065833;
;;31.9;-12.94943;-38.43065333;
;;31.8;-12.94942333;-38.43064833;
;;31.9;-12.94941833;-38.43064333;
;;31.5;-12.94941167;-38.43063833;
;;31.5;-12.949405;-38.43063333;
;;31.4;-12.94939833;-38.43063;
;;31;-12.94939167;-38.430625;
;;30.9;-12.94938667;-38.43062;
;;30.8;-12.94938;-38.430615;
;;30.8;-12.949375;-38.43061;
;;30.9;-12.94936833;-38.430605;
;;30.9;-12.94936167;-38.4306;
;;30.9;-12.94935667;-38.43059333;
;;31.3;-12.94935;-38.43058833;
;;30.9;-12.949345;-38.43058333;
;;31.3;-12.94933833;-38.43057833;
;;31.4;-12.94933167;-38.43057333;
;;31;-12.94932667;-38.43056833;
;;31;-12.94932;-38.43056333;
;;31;-12.949315;-38.43055833;
;;31.5;-12.94930833;-38.43055333;
;;31;-12.94930333;-38.43054833;
;;31;-12.94929667;-38.43054167;
;;31.2;-12.94929167;-38.43053667;
;;31.1;-12.949285;-38.43053167;
;;31.1;-12.94928;-38.43052667;
;;31.2;-12.94927333;-38.43052;
;;31.2;-12.94926833;-38.430515;
;;31.2;-12.94926333;-38.43051;
;;31.3;-12.94925667;-38.43050333;
;;31.3;-12.94925167;-38.43049833;
;;31;-12.94924667;-38.43049167;
;;31.4;-12.94924;-38.43048667;
;;31.4;-12.949235;-38.43048167;
;;31.4;-12.94923;-38.430475;
;;31;-12.949225;-38.43046833;
;;31.8;-12.94921833;-38.43046333;
;;31.6;-12.94921333;-38.43045667;
;;31.6;-12.94920833;-38.43045167;
;;31.2;-12.94920333;-38.430445;
;;31.7;-12.94919833;-38.43044;
;;31.7;-12.94919333;-38.43043333;
;;31.3;-12.94918833;-38.43042667;
;;31.6;-12.94918333;-38.43042;
;;32;-12.94917833;-38.430415;
;;31.9;-12.94917167;-38.43040833;
;;31.7;-12.94916667;-38.43040167;
;;32.1;-12.94916167;-38.430395;
;;32.2;-12.94915667;-38.43038833;
;;32.3;-12.94915167;-38.43038333;
;;32.3;-12.94914667;-38.43037667;
;;32.4;-12.94914333;-38.43037;
;;32.5;-12.94913833;-38.43036333;
;;32.5;-12.94913333;-38.43035667;
;;32.6;-12.94912833;-38.43035;
;;32.7;-12.94912333;-38.43034333;
;;32.7;-12.94911833;-38.430335;
;;33.2;-12.94911333;-38.43032833;
;;32.8;-12.94910833;-38.43032167;
;;32.9;-12.94910333;-38.430315;
;;33.4;-12.9491;-38.43030833;
;;32.9;-12.949095;-38.43030167;
;;33;-12.94909;-38.43029333;
;;33.1;-12.949085;-38.43028667;
;;33.2;-12.94908;-38.43028;
;;33.2;-12.94907667;-38.43027333;
;;33.2;-12.94907167;-38.430265;
;;33.2;-12.94906667;-38.43025833;
;;33.2;-12.94906167;-38.43025167;
;;33.2;-12.94905833;-38.430245;
;;33.2;-12.94905333;-38.43023667;
;;33.2;-12.94904833;-38.43023;
;;33.2;-12.94904333;-38.43022333;
;;33.2;-12.94904;-38.43021667;
;;33.1;-12.949035;-38.43020833;
;;33.1;-12.94903;-38.43020167;
;;32.8;-12.94902667;-38.430195;
;;32.8;-12.94902167;-38.43018833;
;;32.9;-12.94901667;-38.43018;
;;32.9;-12.94901333;-38.43017333;
;;33;-12.94900833;-38.43016667;
;;32.9;-12.94900333;-38.43015833;
;;32.9;-12.949;-38.43015167;
;;32.9;-12.948995;-38.430145;
;;32.9;-12.94899167;-38.43013667;
;;32.9;-12.94898667;-38.43013;
;;33;-12.94898333;-38.43012333;
;;33;-12.94897833;-38.430115;
;;32.5;-12.948975;-38.43010833;
;;32.6;-12.94897;-38.43010167;
;;32.6;-12.94896667;-38.43009333;
;;32.6;-12.94896167;-38.43008667;
;;32.6;-12.94895833;-38.43008;
;;32.5;-12.94895333;-38.43007167;
;;32.5;-12.94895;-38.430065;
;;32.5;-12.948945;-38.43005833;
;;32.1;-12.94894167;-38.43005;
;;31.8;-12.94893833;-38.43004333;
;;32.2;-12.94893333;-38.43003667;
;;32.3;-12.94893;-38.43002833;
;;32.3;-12.948925;-38.43002167;
;;32.4;-12.94892167;-38.430015;
;;32.4;-12.94891833;-38.43000667;
;;32.5;-12.94891333;-38.43;
;;32.5;-12.94891;-38.42999333;
;;32;-12.948905;-38.429985;
;;32.1;-12.94890167;-38.42997833;
;;32.4;-12.94889667;-38.42997167;
;;32.3;-12.94889333;-38.429965;
;;32.3;-12.94889;-38.42995667;
;;32.2;-12.948885;-38.42995;
;;32.2;-12.94888167;-38.42994333;
;;32.2;-12.94887833;-38.429935;
;;32.2;-12.94887333;-38.42992833;
;;32.2;-12.94887;-38.42992167;
;;32.3;-12.948865;-38.42991333;
;;32.3;-12.94886167;-38.42990667;
;;32.3;-12.94885667;-38.4299;
;;32.2;-12.94885333;-38.42989333;
;;32.2;-12.94885;-38.429885;
;;32.5;-12.948845;-38.42987833;
;;32.5;-12.94884167;-38.42987167;
;;32;-12.94883667;-38.42986333;
;;31.7;-12.94883333;-38.42985667;
;;32.3;-12.94883;-38.42985;
;;32.4;-12.948825;-38.42984167;
;;32.5;-12.94882167;-38.429835;
;;31.9;-12.94881833;-38.42982667;
;;32.2;-12.94881333;-38.42982;
;;32.7;-12.94881;-38.42981333;
;;32.4;-12.94880667;-38.429805;
;;32.3;-12.94880333;-38.42979833;
;;32.3;-12.94879833;-38.42979167;
;;32.4;-12.948795;-38.42978333;
;;32.6;-12.94879167;-38.42977667;
;;32.5;-12.94878667;-38.42976833;
;;32.6;-12.94878333;-38.42976167;
;;32.6;-12.94878;-38.42975333;
;;32.6;-12.94877667;-38.42974667;
;;32.6;-12.94877167;-38.42974;
;;32.9;-12.94876833;-38.42973167;
;;32.9;-12.948765;-38.429725;
;;32.5;-12.94876167;-38.42971667;
;;32.6;-12.94875667;-38.42971;
;;33;-12.94875333;-38.42970167;
;;33;-12.94875;-38.429695;
;;33;-12.94874667;-38.42968667;
;;32.7;-12.94874167;-38.42968;
;;32.8;-12.94873833;-38.42967167;
;;32.9;-12.948735;-38.429665;
;;32.9;-12.94873167;-38.42965667;
;;32.8;-12.94872667;-38.42965;
;;32.8;-12.94872333;-38.42964167;
;;32.8;-12.94872;-38.429635;
;;32.7;-12.94871667;-38.42962667;
;;32.7;-12.94871333;-38.42962;
;;32.8;-12.94871;-38.42961167;
;;32.9;-12.948705;-38.429605;
;;32.8;-12.94870167;-38.42959667;
;;32.9;-12.94869833;-38.42958833;
;;32.9;-12.948695;-38.42958167;
;;32.9;-12.94869167;-38.42957333;
;;32.9;-12.94868833;-38.42956667;
;;32.9;-12.948685;-38.42955833;
;;32.9;-12.94868167;-38.42955167;
;;32.9;-12.94867833;-38.42954333;
;;32.8;-12.94867333;-38.429535;
;;32.8;-12.94867;-38.42952833;
;;32.7;-12.94866667;-38.42952;
;;32.7;-12.94866333;-38.42951333;
;;32.7;-12.94866;-38.429505;
;;32.7;-12.94865833;-38.42949667;
;;32.6;-12.948655;-38.42949;
;;32.6;-12.94865167;-38.42948167;
;;32.6;-12.94864833;-38.429475;
;;32.6;-12.948645;-38.42946667;
;;32.6;-12.94864167;-38.42945833;
;;32.9;-12.94863833;-38.42945167;
;;32.7;-12.948635;-38.42944333;
;;32.5;-12.94863333;-38.429435;
;;32.5;-12.94863;-38.42942833;
;;32.5;-12.94862667;-38.42942;
;;32.6;-12.94862333;-38.42941167;
;;32.6;-12.94862167;-38.429405;
;;32.6;-12.94861833;-38.42939667;
;;32.6;-12.948615;-38.42938833;
;;32.6;-12.94861167;-38.42938167;
;;32.6;-12.94861;-38.42937333;
;;32.6;-12.94860667;-38.429365;
;;32.6;-12.948605;-38.42935667;
;;32.3;-12.94860167;-38.42935;
;;32.3;-12.9486;-38.42934167;
;;32.7;-12.94859667;-38.42933333;
;;32.7;-12.948595;-38.429325;
;;32.7;-12.94859167;-38.42931667;
;;32.6;-12.94859;-38.42931;
;;32.7;-12.94858667;-38.42930167;
;;32.6;-12.948585;-38.42929333;
;;32.6;-12.94858333;-38.429285;
;;32.6;-12.94858167;-38.42927667;
;;32.6;-12.94857833;-38.42926833;
;;32.5;-12.94857667;-38.42926167;
;;32.6;-12.948575;-38.42925333;
;;32.6;-12.94857333;-38.429245;
;;32.7;-12.94857167;-38.42923667;
;;32.7;-12.94856833;-38.42922833;
;;32.8;-12.94856667;-38.42922;
;;32.9;-12.948565;-38.42921167;
;;33;-12.94856333;-38.42920333;
;;33.1;-12.94856167;-38.429195;
;;33.1;-12.94856;-38.42918667;
;;33.1;-12.94855833;-38.42917833;
;;33.1;-12.94855667;-38.42917167;
;;33.1;-12.948555;-38.42916333;
;;33.1;-12.94855333;-38.429155;
;;33.1;-12.94855167;-38.42914667;
;;33.1;-12.94854833;-38.42913833;
;;33.2;-12.94854667;-38.42913;
;;32.8;-12.948545;-38.42912167;
;;32.9;-12.94854333;-38.42911333;
;;33.5;-12.94854167;-38.429105;
;;33.3;-12.94854167;-38.42909667;
;;32.7;-12.94854;-38.42908833;
;;33.5;-12.94853833;-38.42908;
;;33.6;-12.94853667;-38.42907167;
;;33.5;-12.948535;-38.42906333;
;;33.6;-12.94853333;-38.429055;
;;33.2;-12.94853167;-38.429045;
;;33.6;-12.94853;-38.42903667;
;;33.6;-12.94852833;-38.42902833;
;;33.5;-12.94852667;-38.42902;
;;33.5;-12.948525;-38.42901167;
;;33.5;-12.94852333;-38.42900333;
;;33.4;-12.94852333;-38.428995;
;;33.8;-12.94852167;-38.42898667;
;;33.4;-12.94852;-38.42897833;
;;33.4;-12.94851833;-38.42897;
;;33.4;-12.94851667;-38.42896167;
;;33.5;-12.948515;-38.42895333;
;;33.6;-12.94851333;-38.428945;
;;33.6;-12.94851167;-38.42893667;
;;33.6;-12.94851167;-38.42892667;
;;33.6;-12.94851;-38.42891833;
;;34.1;-12.94850833;-38.42891;
;;33.5;-12.94850667;-38.42890167;
;;33.4;-12.948505;-38.42889333;
;;33.4;-12.94850333;-38.428885;
;;33.3;-12.94850167;-38.42887667;
;;33.2;-12.9485;-38.42886833;
;;33.2;-12.94849833;-38.42886;
;;33.1;-12.94849667;-38.42885167;
;;33.1;-12.94849667;-38.42884333;
;;33.1;-12.948495;-38.428835;
;;33.1;-12.94849333;-38.42882667;
;;33;-12.94849167;-38.42881833;
;;32.3;-12.94849;-38.42881;
;;32.7;-12.94848833;-38.42880167;
;;32.6;-12.94848833;-38.42879333;
;;32.6;-12.94848667;-38.428785;
;;33;-12.948485;-38.42877667;
;;33;-12.94848333;-38.42876833;
;;32.2;-12.94848167;-38.42876;
;;32.1;-12.94848167;-38.42875167;
;;32.2;-12.94848;-38.428745;
;;32.5;-12.94847833;-38.42873667;
;;32.5;-12.94847667;-38.42872833;
;;32.8;-12.948475;-38.42872;
;;32.8;-12.948475;-38.42871167;
;;32.9;-12.94847333;-38.42870333;
;;32.6;-12.94847167;-38.428695;
;;32.9;-12.94847;-38.42868667;
;;32.9;-12.94847;-38.42867833;
;;33.3;-12.94846833;-38.42867;
;;33.2;-12.94846667;-38.42866167;
;;33.2;-12.94846667;-38.42865333;
;;33.1;-12.948465;-38.428645;
;;32.8;-12.94846333;-38.42863667;
;;32.9;-12.94846333;-38.42862833;
;;33.7;-12.94846167;-38.42862;
;;33.4;-12.94846167;-38.42861;
;;33.4;-12.94846;-38.42860167;
;;33.5;-12.94845833;-38.42859333;
;;33.6;-12.94845833;-38.428585;
;;33.6;-12.94845833;-38.42857667;
;;33.6;-12.94845667;-38.42856833;
;;33.7;-12.94845667;-38.42856;
;;34.1;-12.948455;-38.42855;
;;34.1;-12.948455;-38.42854167;
;;34;-12.94845333;-38.42853333;
;;33.6;-12.94845333;-38.428525;
;;33.1;-12.94845333;-38.42851667;
;;33.6;-12.94845167;-38.42850833;
;;33.2;-12.94845167;-38.42849833;
;;33.3;-12.94845167;-38.42849;
;;33.4;-12.94845167;-38.42848167;
;;33.1;-12.94845;-38.42847333;
;;33.1;-12.94845;-38.428465;
;;33.1;-12.94845;-38.42845667;
;;33.4;-12.94845;-38.42844833;
;;32.8;-12.94844833;-38.42844;
;;32.9;-12.94844833;-38.42843167;
;;32.9;-12.94844833;-38.42842333;
;;32.9;-12.94844833;-38.428415;
;;32.6;-12.94844833;-38.42840667;
;;32.5;-12.94844667;-38.42839833;
;;32.8;-12.94844667;-38.42839;
;;32.3;-12.94844667;-38.42838167;
;;32.4;-12.94844667;-38.42837333;
;;32.5;-12.94844667;-38.428365;
;;32.5;-12.94844667;-38.42835667;
;;32.4;-12.948445;-38.42834833;
;;32.5;-12.948445;-38.42834;
;;32.5;-12.948445;-38.42833167;
;;32.8;-12.948445;-38.42832333;
;;32.4;-12.948445;-38.428315;
;;32.8;-12.948445;-38.42830667;
;;32.8;-12.948445;-38.42829833;
;;32.9;-12.948445;-38.42829;
;;32.9;-12.948445;-38.42828;
;;32.8;-12.948445;-38.42827167;
;;32.9;-12.948445;-38.42826333;
;;32.3;-12.948445;-38.428255;
;;32.6;-12.948445;-38.42824667;
;;32.8;-12.948445;-38.42823833;
;;32.6;-12.948445;-38.42823;
;;32.5;-12.948445;-38.42822167;
;;32.5;-12.948445;-38.42821333;
;;32.4;-12.94844333;-38.428205;
;;32.4;-12.94844333;-38.42819667;
;;32.1;-12.94844333;-38.42818833;
;;32.2;-12.94844333;-38.42818;
;;32.1;-12.94844333;-38.42817167;
;;32.2;-12.94844333;-38.428165;
;;32.3;-12.94844333;-38.42815667;
;;32.3;-12.948445;-38.42814833;
;;32.3;-12.948445;-38.42814;
;;32.4;-12.948445;-38.42813167;
;;32;-12.948445;-38.42812333;
;;32.5;-12.948445;-38.428115;
;;32.6;-12.948445;-38.42810667;
;;32.5;-12.948445;-38.42809833;
;;32.9;-12.948445;-38.42809;
;;32.9;-12.948445;-38.42808167;
;;32.9;-12.948445;-38.42807333;
;;32.2;-12.948445;-38.428065;
;;32.8;-12.948445;-38.42805667;
;;32.8;-12.948445;-38.42804833;
;;32.9;-12.94844667;-38.42804;
;;32.9;-12.94844667;-38.42803167;
;;32.5;-12.94844667;-38.42802167;
;;33.1;-12.94844667;-38.42801333;
;;33.1;-12.94844667;-38.428005;
;;32.7;-12.94844667;-38.42799667;
;;32.4;-12.94844833;-38.42798833;
;;32.5;-12.94844833;-38.42798;
;;32.5;-12.94844833;-38.42797167;
;;32.6;-12.94844833;-38.42796333;
;;32.6;-12.94844833;-38.427955;
;;32.2;-12.94845;-38.42794667;
;;32.3;-12.94845;-38.42793833;
;;32.3;-12.94845;-38.42793;
;;32.6;-12.94845;-38.42792167;
;;32.6;-12.94845167;-38.42791333;
;;31.6;-12.94845167;-38.427905;
;;31.7;-12.94845167;-38.42789833;
;;31.9;-12.94845333;-38.42789;
;;31.8;-12.94845333;-38.42788167;
;;32.3;-12.94845333;-38.42787333;
;;31.6;-12.948455;-38.427865;
;;32.1;-12.948455;-38.42785667;
;;31.9;-12.948455;-38.42784833;
;;31.4;-12.94845667;-38.42784;
;;32.7;-12.94845667;-38.42783167;
;;31.8;-12.94845667;-38.42782333;
;;31.7;-12.94845833;-38.42781667;
;;32.2;-12.94845833;-38.42780833;
;;31.8;-12.94845833;-38.4278;
;;31.8;-12.94846;-38.42779167;
;;31.9;-12.94846;-38.42778333;
;;31;-12.94846167;-38.427775;
;;31.7;-12.94846167;-38.42776667;
;;32.4;-12.94846333;-38.42776;
;;31.5;-12.94846333;-38.42775167;
;;31.6;-12.94846333;-38.42774333;
;;30.9;-12.948465;-38.427735;
;;31.1;-12.94846667;-38.42772667;
;;31.9;-12.94846667;-38.42772;
;;32.4;-12.94846667;-38.42771167;
;;32.4;-12.94846667;-38.42770333;
;;31.9;-12.94846667;-38.427695;
;;31.8;-12.94846833;-38.42768667;
;;31.8;-12.94846833;-38.42767833;
;;31.7;-12.94847;-38.42767;
;;31.6;-12.94847;-38.42766167;
;;31.6;-12.94847;-38.42765333;
;;31.6;-12.94847167;-38.42764667;
;;31.6;-12.94847167;-38.42763833;
;;31.6;-12.94847333;-38.42763;
;;31.2;-12.948475;-38.42762167;
;;31.3;-12.948475;-38.42761333;
;;31.4;-12.94847667;-38.42760667;
;;31.5;-12.94847667;-38.42759833;
;;31.5;-12.94847833;-38.42759;
;;31.3;-12.94848;-38.42758167;
;;31.3;-12.94848;-38.42757333;
;;30.7;-12.94848167;-38.42756667;
;;30.8;-12.94848167;-38.42755833;
;;30.8;-12.94848333;-38.42755;
;;30.4;-12.948485;-38.42754333;
;;30.3;-12.948485;-38.427535;
;;30.3;-12.94848667;-38.42752667;
;;30.4;-12.94848667;-38.42752;
;;30.5;-12.94848833;-38.42751167;
;;30.5;-12.94849;-38.42750333;
;;30.5;-12.94849;-38.42749667;
;;30.4;-12.94849167;-38.42748833;
;;30.4;-12.94849333;-38.42748167;
;;30.4;-12.94849333;-38.42747333;
;;30.3;-12.948495;-38.427465;
;;29.9;-12.94849667;-38.42745833;
;;30;-12.94849667;-38.42745;
;;30;-12.94849833;-38.42744333;
;;30;-12.9485;-38.427435;
;;29.4;-12.94850167;-38.42742833;
;;29.3;-12.94850167;-38.42742;
;;29.3;-12.94850333;-38.42741333;
;;29.3;-12.948505;-38.427405;
;;29.2;-12.948505;-38.42739833;
;;29.2;-12.94850667;-38.42739;
;;29.2;-12.94850833;-38.42738333;
;;29.1;-12.94851;-38.42737667;
;;28.7;-12.94851;-38.42736833;
;;28.7;-12.94851167;-38.42736167;
;;28.7;-12.94851333;-38.42735333;
;;28.7;-12.948515;-38.42734667;
;;28.6;-12.948515;-38.42734;
;;28.4;-12.94851667;-38.42733167;
;;28.1;-12.94851833;-38.427325;
;;28;-12.94852;-38.42731833;
;;28.1;-12.94852167;-38.42731167;
;;28;-12.94852167;-38.42730333;
;;27.9;-12.94852333;-38.42729667;
;;27.8;-12.948525;-38.42729;
;;27.7;-12.94852667;-38.42728333;
;;27.7;-12.94852667;-38.42727667;
;;27.6;-12.94852833;-38.42727;
;;27.3;-12.94853;-38.42726167;
;;26.9;-12.94853167;-38.427255;
;;26.8;-12.94853167;-38.42724833;
;;26.7;-12.94853333;-38.42724167;
;;26.7;-12.948535;-38.427235;
;;26.3;-12.94853667;-38.42722833;
;;25.9;-12.94853833;-38.42722167;
;;26;-12.94853833;-38.427215;
;;25.9;-12.94854;-38.42720833;
;;25.8;-12.94854167;-38.42720167;
;;25.4;-12.94854333;-38.42719667;
;;25.1;-12.94854333;-38.42719;
;;24.6;-12.948545;-38.42718333;
;;24;-12.94854667;-38.42717667;
;;24;-12.94854667;-38.42717167;
;;23.7;-12.94854833;-38.427165;
;;23.7;-12.94855;-38.42715833;
;;23.4;-12.94855;-38.42715333;
;;23;-12.94855167;-38.42714667;
;;23.1;-12.94855333;-38.42714167;
;;23.1;-12.94855333;-38.427135;
;;23;-12.94855333;-38.42713;
;;23;-12.948555;-38.42712333;
;;22.9;-12.948555;-38.42711833;
;;22.9;-12.94855667;-38.42711167;
;;22.8;-12.94855667;-38.42710667;
;;22.1;-12.94855667;-38.4271;
;;21.8;-12.94855667;-38.427095;
;;21.4;-12.94855667;-38.42709;
;;21.4;-12.94855667;-38.42708333;
;;21.4;-12.94855667;-38.42707833;
;;21.3;-12.94855833;-38.42707333;
;;21;-12.94855667;-38.42706667;
;;21.1;-12.94855667;-38.42706167;
;;21.1;-12.94855667;-38.42705667;
;;21.1;-12.948555;-38.42705167;
;;21.2;-12.948555;-38.42704667;
;;21.2;-12.94855333;-38.42704;
;;21.6;-12.94855167;-38.427035;
;;21.6;-12.94855;-38.42703;
;;21.7;-12.94854833;-38.427025;
;;21.8;-12.94854667;-38.42702;
;;22.2;-12.94854333;-38.427015;
;;22.3;-12.94854167;-38.42701;
;;22.4;-12.94853833;-38.427005;
;;22.4;-12.94853667;-38.427;
;;22.4;-12.94853333;-38.426995;
;;22.4;-12.94853;-38.42699;
;;22.5;-12.94852667;-38.426985;
;;23.1;-12.94852333;-38.42698167;
;;23.2;-12.94851833;-38.42697667;
;;23.3;-12.948515;-38.42697167;
;;23.6;-12.94851;-38.42696833;
;;23.7;-12.94850667;-38.42696333;
;;23.7;-12.94850167;-38.42696;
;;23.7;-12.94849667;-38.42695667;
;;23.7;-12.94849333;-38.42695167;
;;23.7;-12.94848833;-38.42694833;
;;23.8;-12.94848333;-38.426945;
;;23.7;-12.94847833;-38.42694167;
;;23.8;-12.94847333;-38.42693833;
;;23.8;-12.94846833;-38.426935;
;;23.9;-12.94846333;-38.42693167;
;;24.2;-12.94845833;-38.42692833;
;;24.1;-12.94845333;-38.426925;
;;24.1;-12.94844667;-38.42692167;
;;24.5;-12.94844167;-38.42692;
;;25;-12.94843667;-38.42691667;
;;25.5;-12.94843;-38.426915;
;;25.8;-12.948425;-38.42691167;
;;26.2;-12.94841833;-38.42691;
;;26.4;-12.94841333;-38.42690667;
;;26.9;-12.94840667;-38.426905;
;;27;-12.9484;-38.42690333;
;;26.9;-12.94839333;-38.4269;
;;27.2;-12.94838667;-38.42689833;
;;27.2;-12.94838;-38.42689667;
;;27.1;-12.94837333;-38.426895;
;;26.9;-12.94836667;-38.42689333;
;;26.3;-12.94836;-38.42689167;
;;25.7;-12.948355;-38.42689;
;;25.6;-12.94834833;-38.42688833;
;;25.1;-12.94834167;-38.42688833;
;;25;-12.948335;-38.42688667;
;;25;-12.94832833;-38.42688667;
;;25;-12.94832333;-38.42688667;
;;25.1;-12.94831667;-38.426885;
;;25.1;-12.94831;-38.426885;
;;25.1;-12.94830333;-38.42688667;
;;25;-12.94829833;-38.42688667;
;;25;-12.94829167;-38.42688667;
;;24.4;-12.948285;-38.42688667;
;;24.4;-12.94828;-38.42688833;
;;24.1;-12.94827333;-38.42688833;
;;24;-12.94826667;-38.42689;
;;23.9;-12.94826167;-38.42689167;
;;23.9;-12.948255;-38.42689333;
;;23.8;-12.94825;-38.426895;
;;23.7;-12.94824333;-38.42689667;
;;23.8;-12.94823833;-38.42689833;
;;24.4;-12.94823333;-38.4269;
;;25;-12.94822667;-38.42690167;
;;25;-12.94822;-38.42690333;
;;25.8;-12.948215;-38.42690667;
;;26.4;-12.94820833;-38.42691;
;;26.4;-12.94820333;-38.42691167;
;;26.5;-12.94819667;-38.426915;
;;26.6;-12.94819167;-38.42691833;
;;26.6;-12.94818667;-38.42692333;
;;26.7;-12.94818;-38.42692667;
;;26.8;-12.948175;-38.42693;
;;26.8;-12.94817;-38.426935;
;;27.2;-12.94816333;-38.42693833;
;;27.2;-12.94815833;-38.42694333;
;;27.3;-12.94815333;-38.42694667;
;;27.6;-12.94814833;-38.42695167;
;;28.1;-12.94814333;-38.42695667;
;;27.9;-12.94813833;-38.42696167;
;;28;-12.94813333;-38.42696667;
;;28.2;-12.94812833;-38.42697167;
;;28.2;-12.94812333;-38.42697667;
;;28.3;-12.94811833;-38.42698167;
;;28.3;-12.94811333;-38.42698667;
;;28.4;-12.94810833;-38.42699167;
;;28.4;-12.94810333;-38.42699667;
;;28.5;-12.94809833;-38.42700333;
;;28.9;-12.94809333;-38.42700833;
;;28.9;-12.94808833;-38.42701333;
;;28.8;-12.94808333;-38.42702;
;;28.9;-12.94807833;-38.427025;
;;29.4;-12.948075;-38.42703167;
;;29.5;-12.94807;-38.42703667;
;;29.5;-12.948065;-38.42704333;
;;29.5;-12.94806167;-38.42704833;
;;29.5;-12.94805667;-38.427055;
;;29.5;-12.94805167;-38.42706;
;;29.5;-12.94804667;-38.42706667;
;;29.5;-12.94804333;-38.42707333;
;;29.6;-12.94803833;-38.42707833;
;;29.6;-12.948035;-38.427085;
;;29.5;-12.94803;-38.42709167;
;;29.5;-12.948025;-38.42709667;
;;29.8;-12.94802167;-38.42710333;
;;29.4;-12.94801667;-38.42711;
;;29.5;-12.94801167;-38.427115;
;;29.5;-12.94800833;-38.42712167;
;;29.5;-12.94800333;-38.42712833;
;;29.2;-12.948;-38.42713333;
;;29.3;-12.947995;-38.42714;
;;29.4;-12.94799;-38.42714667;
;;29.5;-12.94798667;-38.42715167;
;;29.5;-12.94798167;-38.42715833;
;;29.5;-12.94797833;-38.427165;
;;29.1;-12.94797333;-38.42717167;
;;29.5;-12.94797;-38.42717667;
;;29.4;-12.947965;-38.42718333;
;;29.5;-12.94796167;-38.42719;
;;29.5;-12.94795667;-38.427195;
;;29.7;-12.94795333;-38.42720167;
;;29.5;-12.94794833;-38.42720833;
;;29.5;-12.947945;-38.427215;
;;29.4;-12.94794;-38.42722;
;;29.4;-12.94793667;-38.42722667;
;;29.3;-12.94793167;-38.42723333;
;;29.3;-12.94792833;-38.42724;
;;29.3;-12.94792333;-38.427245;
;;29.2;-12.94792;-38.42725167;
;;29.2;-12.947915;-38.42725833;
;;29.3;-12.94791167;-38.427265;
;;29.6;-12.94790833;-38.42727;
;;29.3;-12.94790333;-38.42727667;
;;28.8;-12.9479;-38.42728333;
;;28.9;-12.94789667;-38.42729;
;;29;-12.94789167;-38.42729667;
;;29;-12.94788833;-38.42730333;
;;29;-12.947885;-38.42730833;
;;29;-12.94788;-38.427315;
;;29.4;-12.94787667;-38.42732167;
;;29.5;-12.94787333;-38.42732833;
;;29;-12.94787;-38.427335;
;;28.9;-12.94786667;-38.42734167;
;;28.9;-12.94786167;-38.42734667;
;;28.9;-12.94785833;-38.42735333;
;;28.9;-12.947855;-38.42736;
;;29.4;-12.94785167;-38.42736667;
;;29;-12.94784833;-38.42737333;
;;28.5;-12.947845;-38.42738;
;;29;-12.94784167;-38.42738667;
;;29;-12.94783667;-38.42739333;
;;29;-12.94783333;-38.4274;
;;29.1;-12.94783;-38.427405;
;;29;-12.94782667;-38.42741167;
;;29;-12.94782333;-38.42741833;
;;29;-12.94782;-38.427425;
;;28.3;-12.94781667;-38.42743167;
;;28.4;-12.94781333;-38.42743833;
;;28.9;-12.94781;-38.427445;
;;28.8;-12.94780667;-38.42745167;
;;28.7;-12.94780333;-38.42745833;
;;28.7;-12.9478;-38.427465;
;;29;-12.94779667;-38.42747167;
;;28.9;-12.94779333;-38.42747833;
;;28.9;-12.94779;-38.427485;
;;28.8;-12.94778833;-38.42749167;
;;28.7;-12.947785;-38.42749833;
;;28.8;-12.94778167;-38.427505;
;;28.8;-12.94777833;-38.42751167;
;;28.7;-12.947775;-38.42751833;
;;28.8;-12.94777167;-38.427525;
;;28.7;-12.94776833;-38.42753167;
;;28.7;-12.947765;-38.42753833;
;;28.8;-12.94776333;-38.427545;
;;28.7;-12.94776;-38.42755167;
;;28.8;-12.94775667;-38.42755833;
;;28.8;-12.94775333;-38.427565;
;;28.5;-12.94775167;-38.42757167;
;;28.6;-12.94774833;-38.42757833;
;;29;-12.947745;-38.427585;
;;28.9;-12.94774167;-38.42759167;
;;28.9;-12.94773833;-38.42759833;
;;28.8;-12.94773667;-38.427605;
;;28.8;-12.94773333;-38.42761167;
;;29.2;-12.94773;-38.42761833;
;;29.2;-12.94772667;-38.427625;
;;29.2;-12.947725;-38.42763167;
;;29.2;-12.94772167;-38.42763833;
;;29.1;-12.94771833;-38.427645;
;;29.1;-12.94771667;-38.42765333;
;;29.2;-12.94771333;-38.42766;
;;29.7;-12.94771;-38.42766667;
;;29.7;-12.94770667;-38.42767333;
;;29.3;-12.947705;-38.42768;
;;29.3;-12.94770167;-38.42768833;
;;29.4;-12.94769833;-38.427695;
;;30;-12.94769667;-38.42770167;
;;29.9;-12.94769333;-38.42770833;
;;29.3;-12.94769;-38.427715;
;;29.4;-12.94768833;-38.42772333;
;;29.4;-12.947685;-38.42773;
;;29.5;-12.94768333;-38.42773667;
;;30.2;-12.94768;-38.42774333;
;;30.1;-12.94767833;-38.42775167;
;;29.8;-12.947675;-38.42775833;
;;29.8;-12.94767167;-38.427765;
;;30.1;-12.94767;-38.42777333;
;;30.2;-12.94766667;-38.42778;
;;30.1;-12.947665;-38.42778667;
;;30.1;-12.94766167;-38.427795;
;;30.1;-12.94766;-38.42780167;
;;30.1;-12.94765667;-38.42780833;
;;30.1;-12.947655;-38.42781667;
;;30.1;-12.94765333;-38.42782333;
;;30.4;-12.94765;-38.42783167;
;;30.3;-12.94764833;-38.42783833;
;;30.3;-12.947645;-38.427845;
;;30.3;-12.94764333;-38.42785333;
;;30.3;-12.94764;-38.42786;
;;30.4;-12.94763833;-38.42786833;
;;30.4;-12.947635;-38.427875;
;;30;-12.94763333;-38.42788333;
;;30.3;-12.94763167;-38.42789;
;;30.3;-12.94762833;-38.42789667;
;;30.6;-12.94762667;-38.427905;
;;30.6;-12.947625;-38.42791167;
;;30.6;-12.94762167;-38.42792;
;;30.6;-12.94762;-38.42792667;
;;30.6;-12.94761833;-38.427935;
;;30.6;-12.94761667;-38.42794167;
;;30.6;-12.94761333;-38.42795;
;;30.6;-12.94761167;-38.42795833;
;;30.5;-12.94761;-38.427965;
;;30.5;-12.94760833;-38.42797333;
;;30.4;-12.947605;-38.42798;
;;30.4;-12.94760333;-38.42798833;
;;30.3;-12.94760167;-38.427995;
;;30.3;-12.9476;-38.42800333;
;;30.3;-12.94759833;-38.42801;
;;30.3;-12.94759667;-38.42801833;
;;30.3;-12.947595;-38.428025;
;;29.8;-12.94759333;-38.42803333;
;;30.3;-12.94759167;-38.42804;
;;30.2;-12.94759;-38.42804833;
;;29.6;-12.94758833;-38.428055;
;;30.3;-12.94758667;-38.42806333;
;;29.6;-12.947585;-38.42807;
;;29.7;-12.94758333;-38.42807833;
;;30;-12.94758333;-38.428085;
;;29.9;-12.94758167;-38.42809333;
;;29.9;-12.94758;-38.4281;
;;29.6;-12.94757833;-38.42810833;
;;29.5;-12.94757667;-38.428115;
;;29.5;-12.947575;-38.42812333;
;;29.4;-12.947575;-38.42813;
;;29.4;-12.94757333;-38.42813833;
;;29.4;-12.94757167;-38.428145;
;;29.3;-12.94757;-38.42815333;
;;29.3;-12.94756833;-38.42816;
;;29.2;-12.94756833;-38.42816667;
;;29.2;-12.94756667;-38.428175;
;;29.2;-12.947565;-38.42818167;
;;29.2;-12.947565;-38.42819;
;;29.2;-12.94756333;-38.42819667;
;;28.8;-12.94756333;-38.428205;
;;29.3;-12.94756333;-38.42821167;
;;29.7;-12.94756167;-38.42822;
;;29;-12.94756167;-38.42822667;
;;29;-12.94756;-38.428235;
;;29;-12.94756;-38.42824167;
;;28.6;-12.94756;-38.42824833;
;;28.9;-12.94755833;-38.42825667;
;;29;-12.94755833;-38.42826333;
;;29.1;-12.94755833;-38.42827167;
;;29;-12.94755667;-38.42827833;
;;29;-12.94755667;-38.42828667;
;;28.9;-12.94755667;-38.42829333;
;;29;-12.94755667;-38.4283;
;;28.6;-12.947555;-38.42830833;
;;29;-12.947555;-38.428315;
;;28.7;-12.947555;-38.42832333;
;;28.7;-12.947555;-38.42833;
;;28.7;-12.947555;-38.42833833;
;;28.7;-12.94755333;-38.428345;
;;28.7;-12.94755333;-38.42835167;
;;28.7;-12.94755333;-38.42836;
;;28.7;-12.94755333;-38.42836667;
;;28.7;-12.94755333;-38.428375;
;;28.8;-12.94755333;-38.42838167;
;;28.8;-12.94755333;-38.42838833;
;;28.8;-12.94755333;-38.42839667;
;;28.8;-12.94755333;-38.42840333;
;;28.8;-12.94755333;-38.42841167;
;;28.8;-12.94755333;-38.42841833;
;;28.7;-12.94755167;-38.42842667;
;;28.8;-12.94755167;-38.42843333;
;;28.8;-12.94755167;-38.42844;
;;28.7;-12.94755167;-38.42844833;
;;28.7;-12.94755167;-38.428455;
;;29.2;-12.94755333;-38.42846333;
;;29.1;-12.94755333;-38.42847;
;;29.2;-12.94755333;-38.42847833;
;;28.8;-12.94755333;-38.428485;
;;27.6;-12.94755333;-38.42849333;
;;27;-12.94755333;-38.4285;
;;28.4;-12.94755333;-38.42850667;
;;28.4;-12.94755333;-38.42851333;
;;28.5;-12.94755333;-38.42852167;
;;28.7;-12.94755333;-38.42852833;
;;28.8;-12.94755333;-38.428535;
;;27.7;-12.947555;-38.42854333;
;;27.7;-12.947555;-38.42855;
;;27.7;-12.947555;-38.42855667;
;;28.1;-12.947555;-38.428565;
;;28.7;-12.947555;-38.42857167;
;;28.9;-12.947555;-38.42857833;
;;29.3;-12.94755667;-38.42858667;
;;28.6;-12.94755667;-38.42859333;
;;28.5;-12.94755667;-38.42860167;
;;28.1;-12.94755667;-38.42860833;
;;28.1;-12.94755667;-38.428615;
;;28.9;-12.94755833;-38.42862333;
;;28.8;-12.94755833;-38.42863;
;;28.7;-12.94755833;-38.42863833;
;;28.6;-12.94756;-38.428645;
;;28.6;-12.94756;-38.42865167;
;;28.5;-12.94756;-38.42866;
;;28.5;-12.94756167;-38.42866667;
;;28.5;-12.94756167;-38.42867333;
;;28.9;-12.94756333;-38.42868167;
;;28.8;-12.94756333;-38.42868833;
;;28.8;-12.947565;-38.42869667;
;;28.8;-12.947565;-38.42870333;
;;28.9;-12.94756667;-38.42871;
;;29;-12.94756667;-38.42871833;
;;29.1;-12.94756833;-38.428725;
;;29.4;-12.94757;-38.42873333;
;;29.4;-12.94757;-38.42874;
;;29.5;-12.94757167;-38.42874833;
;;29.4;-12.94757167;-38.428755;
;;29.8;-12.94757333;-38.42876167;
;;29.7;-12.947575;-38.42877;
;;30;-12.94757667;-38.42877833;
;;30.3;-12.94757667;-38.428785;
;;30.4;-12.94757833;-38.42879333;
;;30.4;-12.94758;-38.4288;
;;30.9;-12.94758;-38.42880833;
;;30.9;-12.94758167;-38.42881667;
;;30.8;-12.94758333;-38.42882333;
;;30.8;-12.947585;-38.42883167;
;;31.2;-12.94758667;-38.42884;
;;31;-12.94758833;-38.42884667;
;;31.6;-12.94758833;-38.428855;
;;31.5;-12.94759;-38.42886333;
;;31.5;-12.94759167;-38.42887;
;;31.4;-12.94759333;-38.42887833;
;;31.4;-12.947595;-38.42888667;
;;31.4;-12.94759667;-38.428895;
;;31.4;-12.94759833;-38.42890167;
;;31.3;-12.9476;-38.42891;
;;31.3;-12.94760167;-38.42891833;
;;31.3;-12.94760333;-38.42892667;
;;31.3;-12.947605;-38.42893333;
;;31.3;-12.94760667;-38.42894167;
;;31.4;-12.94760833;-38.42895;
;;31.4;-12.94761;-38.42895667;
;;31.3;-12.94761167;-38.428965;
;;31.3;-12.94761333;-38.42897333;
;;31.2;-12.947615;-38.42898;
;;31.2;-12.94761667;-38.42898833;
;;31.2;-12.94761833;-38.42899667;
;;31.2;-12.94762;-38.42900333;
;;31.1;-12.94762167;-38.42901167;
;;31.1;-12.947625;-38.42902;
;;31;-12.94762667;-38.42902667;
;;31;-12.94762833;-38.429035;
;;31;-12.94763;-38.42904167;
;;30.9;-12.94763167;-38.42905;
;;30.9;-12.94763333;-38.42905833;
;;30.9;-12.94763667;-38.429065;
;;30.8;-12.94763833;-38.42907333;
;;30.8;-12.94764;-38.42908;
;;30.7;-12.94764333;-38.42908833;
;;30.6;-12.947645;-38.429095;
;;30.6;-12.94764667;-38.42910333;
;;30.5;-12.94764833;-38.42911;
;;30.5;-12.94765167;-38.42911833;
;;30.4;-12.94765333;-38.429125;
;;30.4;-12.947655;-38.42913333;
;;30.4;-12.94765833;-38.42914;
;;30.3;-12.94766;-38.42914833;
;;30.3;-12.94766333;-38.429155;
;;30.3;-12.947665;-38.42916333;
;;30.4;-12.94766667;-38.42917;
;;30.4;-12.94767;-38.42917833;
;;30.4;-12.94767167;-38.429185;
;;30.5;-12.947675;-38.42919167;
;;30.5;-12.94767667;-38.4292;
;;30.5;-12.94767833;-38.42920667;
;;30.5;-12.94768167;-38.429215;
;;30.5;-12.94768333;-38.42922167;
;;30.5;-12.94768667;-38.42923;
;;30.5;-12.94768833;-38.42923667;
;;30.4;-12.94769167;-38.429245;
;;30.4;-12.94769333;-38.42925167;
;;30.5;-12.94769667;-38.42925833;
;;30.5;-12.94769833;-38.42926667;
;;30.6;-12.94770167;-38.42927333;
;;30.6;-12.94770333;-38.42928167;
;;30.7;-12.94770667;-38.42928833;
;;30.8;-12.94771;-38.42929667;
;;31.1;-12.94771167;-38.42930333;
;;31.2;-12.947715;-38.42931;
;;31.2;-12.94771667;-38.42931833;
;;31.2;-12.94772;-38.429325;
;;31.3;-12.94772333;-38.42933333;
;;31.2;-12.947725;-38.42934;
;;31.2;-12.94772833;-38.42934833;
;;31.2;-12.94773167;-38.429355;
;;31.2;-12.94773333;-38.42936333;
;;31.1;-12.94773667;-38.42937;
;;31.2;-12.94774;-38.42937833;
;;31.2;-12.94774167;-38.429385;
;;31.5;-12.947745;-38.42939333;
;;31.6;-12.94774833;-38.4294;
;;31.7;-12.94775167;-38.42940833;
;;31.8;-12.94775333;-38.429415;
;;31.8;-12.94775667;-38.42942333;
;;31.8;-12.94776;-38.42943;
;;31.9;-12.94776333;-38.42943833;
;;31.9;-12.94776667;-38.42944667;
;;31.9;-12.94776833;-38.42945333;
;;31.9;-12.94777167;-38.42946167;
;;31.8;-12.947775;-38.42946833;
;;31.5;-12.94777833;-38.42947667;
;;31.5;-12.94778167;-38.42948333;
;;31.5;-12.947785;-38.42949;
;;31.5;-12.94778833;-38.42949833;
;;31.5;-12.94779167;-38.429505;
;;31.4;-12.94779333;-38.42951333;
;;31.4;-12.94779667;-38.42952;
;;31.4;-12.9478;-38.42952833;
;;31.7;-12.94780333;-38.429535;
;;31.3;-12.94780667;-38.42954167;
;;31.3;-12.94781;-38.42955;
;;31.8;-12.94781333;-38.42955667;
;;31.9;-12.94781667;-38.429565;
;;31.5;-12.94782;-38.42957167;
;;31.4;-12.94782333;-38.42958;
;;31.4;-12.94782667;-38.42958667;
;;31.1;-12.94783;-38.42959333;
;;31.6;-12.94783333;-38.42960167;
;;31.1;-12.94783667;-38.42960833;
;;31.4;-12.94783833;-38.429615;
;;31.4;-12.94784167;-38.42962333;
;;31.3;-12.947845;-38.42963;
;;31;-12.94784833;-38.42963833;
;;30.9;-12.94785167;-38.429645;
;;30.9;-12.947855;-38.42965167;
;;31;-12.94785833;-38.42966;
;;31.1;-12.94786167;-38.42966667;
;;31.6;-12.947865;-38.42967333;
;;31.5;-12.94786833;-38.42968167;
;;31.5;-12.94787167;-38.42968833;
;;31.9;-12.947875;-38.42969667;
;;31.9;-12.94787833;-38.42970333;
;;31.8;-12.94788167;-38.42971167;
;;32.2;-12.947885;-38.42971833;
;;32.2;-12.94788833;-38.429725;
;;32.2;-12.94789167;-38.42973333;
;;32.5;-12.947895;-38.42974;
;;32.5;-12.94789833;-38.42974833;
;;32.5;-12.94790167;-38.429755;
;;33.2;-12.94790667;-38.42976333;
;;32.8;-12.94791;-38.42977;
;;33.3;-12.94791333;-38.42977833;
;;33.2;-12.94791667;-38.42978667;
;;33.2;-12.94792;-38.42979333;
;;33.2;-12.94792333;-38.42980167;
;;33.1;-12.94792833;-38.42980833;
;;33;-12.94793167;-38.42981667;
;;33;-12.947935;-38.42982333;
;;33;-12.94793833;-38.42983167;
;;32.9;-12.94794167;-38.42984;
;;33;-12.947945;-38.42984667;
;;33;-12.94795;-38.429855;
;;33;-12.94795333;-38.42986167;
;;33;-12.94795667;-38.42987;
;;33;-12.94796;-38.42987667;
;;33.4;-12.94796333;-38.429885;
;;33.4;-12.94796667;-38.42989333;
;;33.3;-12.94797;-38.4299;
;;33.3;-12.947975;-38.42990833;
;;33.3;-12.94797833;-38.429915;
;;33.3;-12.94798167;-38.42992333;
;;33.3;-12.94798667;-38.42993167;
;;33.3;-12.94799;-38.42993833;
;;33.3;-12.94799333;-38.42994667;
;;33.3;-12.94799667;-38.42995333;
;;33.4;-12.94800167;-38.42996167;
;;33.4;-12.948005;-38.42996833;
;;33.4;-12.94800833;-38.42997667;
;;33.3;-12.94801167;-38.429985;
;;33.2;-12.94801667;-38.42999167;
;;33.1;-12.94802;-38.43;
;;32.7;-12.94802333;-38.43000667;
;;32.8;-12.94802667;-38.430015;
;;32.4;-12.94803;-38.43002167;
;;32.5;-12.948035;-38.43003;
;;32.5;-12.94803833;-38.43003667;
;;32.7;-12.94804167;-38.430045;
;;32.3;-12.948045;-38.43005167;
;;32.4;-12.94804833;-38.43006;
;;32.4;-12.94805333;-38.43006667;
;;32.5;-12.94805667;-38.430075;
;;32.4;-12.94806;-38.43008167;
;;32.3;-12.94806333;-38.43008833;
;;32.2;-12.94806667;-38.43009667;
;;32.3;-12.94807167;-38.43010333;
;;32.3;-12.948075;-38.43011167;
;;32.2;-12.94807833;-38.43011833;
;;32.5;-12.94808167;-38.43012667;
;;32.5;-12.948085;-38.43013333;
;;32.4;-12.94809;-38.43014;
;;32.1;-12.94809333;-38.43014833;
;;32.1;-12.94809667;-38.430155;
;;32.2;-12.9481;-38.43016333;
;;32.1;-12.94810333;-38.43017;
;;32;-12.94810833;-38.43017833;
;;32.1;-12.94811167;-38.430185;
;;32.1;-12.948115;-38.43019167;
;;32.1;-12.94811833;-38.4302;
;;32.2;-12.94812167;-38.43020667;
;;32.2;-12.948125;-38.430215;
;;32.1;-12.94813;-38.43022167;
;;32.1;-12.94813333;-38.43022833;
;;31.7;-12.94813667;-38.43023667;
;;31.7;-12.94814;-38.43024333;
;;31.4;-12.948145;-38.43025;
;;31.4;-12.94814833;-38.43025833;
;;31.5;-12.94815167;-38.430265;
;;30.9;-12.948155;-38.43027167;
;;30.9;-12.94815833;-38.43027833;
;;30.9;-12.94816167;-38.43028667;
;;30.9;-12.94816667;-38.43029333;
;;30.5;-12.94817;-38.4303;
;;30.7;-12.94817333;-38.43030667;
;;30.2;-12.94817667;-38.43031333;
;;30.2;-12.94818;-38.43032;
;;30.3;-12.94818333;-38.43032667;
;;30.3;-12.94818833;-38.430335;
;;30.2;-12.94819167;-38.43034167;
;;30.3;-12.948195;-38.43034833;
;;30.3;-12.94819833;-38.430355;
;;29.9;-12.94820167;-38.43036167;
;;29.9;-12.948205;-38.43036833;
;;30;-12.94821;-38.430375;
;;29.9;-12.94821333;-38.43038167;
;;29.8;-12.94821667;-38.43038833;
;;29.9;-12.94822;-38.430395;
;;29.8;-12.94822333;-38.43040167;
;;29.8;-12.94822667;-38.43040833;
;;29.8;-12.94823;-38.430415;
;;29.8;-12.94823333;-38.43042167;
;;29.7;-12.94823667;-38.43042833;
;;29.8;-12.94824;-38.43043667;
;;29.8;-12.94824333;-38.43044333;
;;29.8;-12.94824833;-38.43045;
;;29.8;-12.94825167;-38.43045667;
;;29.8;-12.948255;-38.43046333;
;;29.7;-12.94825833;-38.43047;
;;29.6;-12.94826167;-38.43047667;
;;29.6;-12.948265;-38.43048333;
;;29.6;-12.94826833;-38.43049;
;;29.5;-12.94827167;-38.43049667;
;;29.1;-12.948275;-38.43050333;
;;29.1;-12.94828;-38.43051;
;;29.4;-12.94828333;-38.43051667;
;;29.1;-12.94828667;-38.43052333;
;;29.1;-12.94829;-38.43053;
;;29.4;-12.94829333;-38.43053667;
;;29.3;-12.94829667;-38.43054333;
;;29.2;-12.9483;-38.43055;
;;29.1;-12.94830333;-38.43055667;
;;29.1;-12.94830667;-38.43056333;
;;28.8;-12.94831;-38.43057;
;;29.1;-12.94831333;-38.430575;
;;29;-12.94831667;-38.43058167;
;;28.7;-12.94832;-38.43058833;
;;28.8;-12.94832333;-38.430595;
;;28.9;-12.94832667;-38.43060167;
;;28.9;-12.94833;-38.43060833;
;;28.9;-12.94833333;-38.430615;
;;28.8;-12.94833667;-38.43062167;
;;28.8;-12.94834;-38.43062833;
;;28.9;-12.94834333;-38.430635;
;;28.8;-12.94834667;-38.43064167;
;;28.8;-12.94835;-38.43064833;
;;28.8;-12.94835333;-38.430655;
;;28.7;-12.94835667;-38.43066167;
;;28.7;-12.94836;-38.43066833;
;;28.6;-12.94836333;-38.430675;
;;28.2;-12.94836667;-38.43068;
;;28.2;-12.94837;-38.43068667;
;;27.8;-12.94837333;-38.43069333;
;;27.5;-12.94837667;-38.4307;
;;27.4;-12.94837833;-38.43070667;
;;27;-12.94838167;-38.43071167;
;;26.7;-12.948385;-38.43071833;
;;26.8;-12.94838833;-38.430725;
;;26.2;-12.94839167;-38.43073;
;;26.2;-12.948395;-38.43073667;
;;26.1;-12.94839833;-38.43074167;
;;25.6;-12.9484;-38.43074833;
;;25.3;-12.94840333;-38.430755;
;;25.2;-12.94840667;-38.43076;
;;25.2;-12.94841;-38.430765;
;;24.6;-12.94841167;-38.43077167;
;;24.6;-12.948415;-38.43077667;
;;24.6;-12.94841833;-38.43078333;
;;24.3;-12.94842167;-38.43078833;
;;23.8;-12.94842333;-38.43079333;
;;23.7;-12.94842667;-38.43079833;
;;23.4;-12.94843;-38.430805;
;;23.4;-12.94843167;-38.43081;
;;23;-12.948435;-38.430815;
;;22.7;-12.94843667;-38.43082;
;;22.6;-12.94844;-38.430825;
;;22.7;-12.94844333;-38.43083;
;;22.2;-12.948445;-38.430835;
;;22;-12.94844833;-38.43084;
;;21.6;-12.94845;-38.430845;
;;20.9;-12.94845333;-38.43085;
;;21;-12.948455;-38.430855;
;;20.9;-12.94845667;-38.43086;
;;20.8;-12.94846;-38.430865;
;;19.7;-12.94846167;-38.43087;
;;19.4;-12.948465;-38.430875;
;;19.4;-12.94846667;-38.43087833;
;;18.4;-12.94846833;-38.43088333;
;;17.9;-12.94847;-38.43088833;
;;17.5;-12.94847167;-38.43089167;
;;17.6;-12.948475;-38.430895;
;;17.1;-12.94847667;-38.4309;
;;17;-12.94847833;-38.43090333;
;;15.8;-12.94848;-38.43090833;
;;15.7;-12.94848167;-38.43091167;
;;15.4;-12.94848333;-38.430915;
;;14.9;-12.948485;-38.43091833;
;;14.9;-12.94848667;-38.43092167;
;;14.2;-12.94848833;-38.430925;
;;14.2;-12.94848833;-38.43092833;
;;13.2;-12.94849;-38.43093167;
;;13.6;-12.94849167;-38.430935;
;;12.8;-12.94849167;-38.43093833;
;;12.8;-12.94849333;-38.43094167;
;;12.8;-12.948495;-38.430945;
;;12.7;-12.948495;-38.43094833;
;;12.3;-12.948495;-38.43095167;
;;12;-12.94849667;-38.430955;
;;11.6;-12.94849667;-38.43095833;
;;11.3;-12.94849667;-38.43096;
;;10.8;-12.94849667;-38.43096333;
;;10.8;-12.94849667;-38.43096667;
;;10.7;-12.94849667;-38.43096833;
;;10.4;-12.94849833;-38.43097167;
;;10.4;-12.94849833;-38.430975;
;;10.4;-12.94849667;-38.43097667;
;;10.4;-12.94849667;-38.43098;
;;10.3;-12.94849667;-38.43098167;
;;10.3;-12.94849667;-38.430985;
;;10.3;-12.94849667;-38.43098667;
;;10.2;-12.94849667;-38.43099;
;;10.1;-12.948495;-38.43099333;
;;10.1;-12.948495;-38.430995;
;;9.8;-12.948495;-38.43099833;
;;9.7;-12.94849333;-38.431;
