200000;6
200100;6
200200;7
200300;7
200400;6
200500;6
200600;6
200700;6
200800;6
200900;6
201000;6
201100;6
201200;6
201300;6
201400;6
201500;6
201600;6
201700;6
201800;6
201900;6
202000;6
202100;6
202200;6
202300;6
202400;6
202500;6
202600;6
202700;6
202800;6
202900;6
203000;6
203100;6
203200;6
203300;6
203400;6
203500;6
203600;6
203700;6
203800;6
203900;6
204000;6
204100;6
204200;6
204300;6
204400;6
204500;6
204600;6
204700;6
204800;6
204900;6
205000;6
205100;6
205200;6
205300;6
205400;6
205500;6
205600;6
205700;6
205800;6
205900;6
206000;6
206100;6
206200;6
206300;6
206400;6
206500;6
206600;6
206700;6
206800;6
206900;6
207000;6
207100;6
207200;6
207300;6
207400;6
207500;6
207600;6
207700;6
207800;6
207900;6
208000;6
208100;6
208200;6
208300;6
208400;6
208500;6
208600;6
208700;6
208800;6
208900;6
209000;6
209100;6
209200;6
209300;6
209400;6
209500;6
209600;6
209700;6
209800;6
209900;6
210000;6
210100;6
210200;6
210300;6
210400;7
210500;7
210600;6
210700;6
210800;6
210900;6
211000;6
211100;6
211200;6
211300;6
211400;10
211500;10
211600;6
211700;6
211800;6
211900;6
212000;6
212100;6
212200;6
212300;6
212400;6
212500;6
212600;6
212700;6
212800;6
212900;6
213000;6
213100;6
213200;6
213300;6
213400;6
213500;6
213600;6
213700;6
213800;6
213900;6
214000;6
214100;6
214200;6
214300;6
214400;6
214500;6
214600;10
214700;10
214800;6
214900;6
215000;10
215100;10
215200;7
215300;7
215400;6
215500;6
215600;6
215700;6
215800;6
215900;6
216000;6
216100;6
216200;6
216300;6
216400;6
216500;6
216600;6
216700;6
216800;6
216900;6
217000;8
217100;8
217200;8
217300;8
217400;6
217500;6
217600;6
217700;6
217800;6
217900;6
218000;6
218100;6
218200;7
218300;7
218400;6
218500;6
218600;6
218700;6
218800;6
218900;6
219000;6
219100;6
219200;6
219300;6
219400;6
219500;6
219600;6
219700;6
219800;6
219900;6
220000;6
220100;6
220200;6
220300;6
220400;6
220500;6
220600;6
220700;6
220800;7
220900;7
221000;6
221100;6
221200;6
221300;6
221400;6
221500;6
221600;7
221700;7
221800;6
221900;6
222000;6
222100;6
222200;6
222300;6
222400;6
222500;6
222600;7
222700;7
222800;6
222900;6
223000;6
223100;6
223200;6
223300;6
223400;6
223500;6
223600;6
223700;6
223800;6
223900;6
224000;6
224100;6
224200;6
224300;6
224400;6
224500;6
224600;6
224700;6
224800;6
224900;6
225000;6
225100;6
225200;6
225300;6
225400;6
225500;6
225600;6
225700;6
225800;6
225900;6
226000;6
226100;6
226200;6
226300;6
226400;6
226500;6
226600;6
226700;6
226800;6
226900;6
227000;6
227100;6
227200;6
227300;6
227400;6
227500;6
227600;6
227700;6
227800;6
227900;6
228000;6
228100;6
228200;6
228300;6
228400;6
228500;6
228600;6
228700;6
228800;6
228900;6
229000;6
229100;6
229200;6
229300;6
229400;6
229500;6
229600;6
229700;6
229800;6
229900;6
230000;6
230100;6
230200;6
230300;6
230400;6
230500;6
230600;6
230700;6
230800;6
230900;6
231000;6
231100;6
231200;7
231300;7
231400;6
231500;6
231600;6
231700;6
231800;6
231900;6
232000;6
232100;6
232200;6
232300;6
232400;6
232500;6
232600;6
232700;6
232800;6
232900;6
233000;6
233100;6
233200;6
233300;6
233400;8
233500;8
233600;6
233700;6
233800;6
233900;6
234000;6
234100;6
234200;6
234300;6
234400;6
234500;6
234600;6
234700;6
234800;6
234900;6
235000;6
235100;6
235200;6
235300;6
235400;8
235500;8
235600;6
235700;6
235800;6
235900;6
236000;6
236100;6
236200;6
236300;6
236400;6
236500;6
236600;6
236700;6
236800;6
236900;6
237000;6
237100;6
237200;6
237300;6
237400;6
237500;6
237600;6
237700;6
237800;6
237900;6
238000;6
238100;6
238200;6
238300;6
238400;6
238500;6
238600;6
238700;6
238800;6
238900;6
239000;6
239100;6
239200;6
239300;6
239400;6
239500;6
239600;6
239700;6
239800;11
239900;11
240000;6
240100;6
240200;6
240300;6
240400;6
240500;6
240600;7
240700;7
240800;6
240900;6
241000;6
241100;6
241200;7
241300;7
241400;7
241500;7
241600;6
241700;6
241800;6
241900;6
242000;12
242100;12
242200;6
242300;6
242400;6
242500;6
242600;9
242700;9
242800;7
242900;7
243000;11
243100;11
243200;12
243300;12
243400;6
243500;6
243600;6
243700;6
243800;6
243900;6
244000;6
244100;6
244200;6
244300;6
244400;6
244500;6
244600;6
244700;6
244800;6
244900;6
245000;6
245100;6
245200;6
245300;6
245400;6
245500;6
245600;6
245700;6
245800;6
245900;6
246000;6
246100;6
246200;6
246300;6
246400;6
246500;6
246600;8
246700;8
246800;6
246900;6
247000;7
247100;7
247200;7
247300;7
247400;6
247500;6
247600;7
247700;7
247800;7
247900;7
248000;7
248100;7
248200;6
248300;6
248400;6
248500;6
248600;6
248700;6
248800;6
248900;6
249000;7
249100;7
249200;10
249300;10
249400;6
249500;6
249600;6
249700;6
249800;7
249900;7
250000;7
250100;7
250200;6
250300;6
250400;6
250500;6
250600;6
250700;6
250800;6
250900;6
251000;6
251100;6
251200;6
251300;6
251400;6
251500;6
251600;6
251700;6
251800;6
251900;6
252000;6
252100;6
252200;6
252300;6
252400;7
252500;7
252600;7
252700;7
252800;6
252900;6
253000;6
253100;6
253200;7
253300;7
253400;7
253500;7
253600;7
253700;7
253800;6
253900;6
254000;7
254100;7
254200;7
254300;7
254400;6
254500;6
254600;6
254700;6
254800;7
254900;7
255000;7
255100;7
255200;6
255300;6
255400;7
255500;7
255600;7
255700;7
255800;7
255900;7
256000;6
256100;6
256200;7
256300;7
256400;6
256500;6
256600;7
256700;7
256800;7
256900;7
257000;7
257100;7
257200;7
257300;7
257400;7
257500;7
257600;8
257700;8
257800;9
257900;9
258000;7
258100;7
258200;6
258300;6
258400;7
258500;7
258600;6
258700;6
258800;7
258900;7
259000;6
259100;6
259200;7
259300;7
259400;7
259500;7
259600;6
259700;6
259800;6
259900;6
260000;6
260100;6
260200;6
260300;6
260400;7
260500;7
260600;6
260700;6
260800;6
260900;6
261000;6
261100;6
261200;6
261300;6
261400;6
261500;6
261600;6
261700;6
261800;6
261900;6
262000;6
262100;6
262200;6
262300;6
262400;7
262500;7
262600;6
262700;6
262800;7
262900;7
263000;6
263100;6
263200;6
263300;6
263400;6
263500;6
263600;7
263700;7
263800;6
263900;6
264000;6
264100;6
264200;6
264300;6
264400;6
264500;6
264600;6
264700;6
264800;6
264900;6
265000;6
265100;6
265200;6
265300;6
265400;6
265500;6
265600;6
265700;6
265800;6
265900;6
266000;6
266100;6
266200;6
266300;6
266400;6
266500;6
266600;6
266700;6
266800;6
266900;6
267000;6
267100;6
267200;6
267300;6
267400;6
267500;6
267600;6
267700;6
267800;6
267900;6
268000;6
268100;6
268200;6
268300;6
268400;6
268500;6
268600;6
268700;6
268800;6
268900;6
269000;6
269100;6
269200;6
269300;6
269400;7
269500;7
269600;6
269700;6
269800;6
269900;6
270000;6
270100;6
270200;7
270300;7
270400;6
270500;6
270600;6
270700;6
270800;7
270900;7
271000;7
271100;7
271200;6
271300;6
271400;6
271500;6
271600;6
271700;6
271800;7
271900;7
272000;6
272100;6
272200;7
272300;7
272400;6
272500;6
272600;7
272700;7
272800;7
272900;7
273000;7
273100;7
273200;7
273300;7
273400;6
273500;6
273600;6
273700;6
273800;6
273900;6
274000;6
274100;6
274200;6
274300;6
274400;6
274500;6
274600;6
274700;6
274800;6
274900;6
275000;7
275100;7
275200;7
275300;7
275400;7
275500;7
275600;6
275700;6
275800;7
275900;7
276000;6
276100;6
276200;6
276300;6
276400;7
276500;7
276600;7
276700;7
276800;7
276900;7
277000;7
277100;7
277200;6
277300;6
277400;7
277500;7
277600;7
277700;7
277800;7
277900;7
278000;7
278100;7
278200;6
278300;6
278400;7
278500;7
278600;7
278700;7
278800;7
278900;7
279000;6
279100;6
279200;7
279300;7
279400;6
279500;6
279600;7
279700;7
279800;7
279900;7
280000;7
280100;7
280200;7
280300;7
280400;7
280500;7
280600;6
280700;6
280800;7
280900;7
281000;7
281100;7
281200;7
281300;7
281400;7
281500;7
281600;7
281700;7
281800;7
281900;7
282000;7
282100;7
282200;14
282300;14
282400;7
282500;7
282600;7
282700;7
282800;8
282900;8
283000;7
283100;7
283200;7
283300;7
283400;7
283500;7
283600;6
283700;6
283800;6
283900;6
284000;6
284100;6
284200;6
284300;6
284400;7
284500;7
284600;6
284700;6
284800;7
284900;7
285000;7
285100;7
285200;6
285300;6
285400;6
285500;6
285600;7
285700;7
285800;7
285900;7
286000;6
286100;6
286200;6
286300;6
286400;7
286500;7
286600;6
286700;6
286800;7
286900;7
287000;6
287100;6
287200;7
287300;7
287400;7
287500;7
287600;7
287700;7
287800;7
287900;7
288000;7
288100;7
288200;7
288300;7
288400;7
288500;7
288600;7
288700;7
288800;7
288900;7
289000;7
289100;7
289200;7
289300;7
289400;7
289500;7
289600;7
289700;7
289800;7
289900;7
290000;7
290100;7
290200;7
290300;7
290400;6
290500;6
290600;7
290700;7
290800;7
290900;7
291000;7
291100;7
291200;7
291300;7
291400;7
291500;7
291600;7
291700;7
291800;6
291900;6
292000;7
292100;7
292200;7
292300;7
292400;7
292500;7
292600;7
292700;7
292800;7
292900;7
293000;7
293100;7
293200;7
293300;7
293400;7
293500;7
293600;7
293700;7
293800;7
293900;7
294000;7
294100;7
294200;7
294300;7
294400;7
294500;7
294600;7
294700;7
294800;7
294900;7
295000;7
295100;7
295200;7
295300;7
295400;7
295500;7
295600;8
295700;8
295800;10
295900;10
296000;9
296100;9
296200;6
296300;6
296400;10
296500;10
296600;6
296700;6
296800;6
296900;6
297000;11
297100;11
297200;7
297300;7
297400;6
297500;6
297600;7
297700;7
297800;7
297900;7
298000;7
298100;7
298200;6
298300;6
298400;7
298500;7
298600;6
298700;6
298800;7
298900;7
299000;7
299100;7
299200;6
299300;6
299400;6
299500;6
299600;6
299700;6
299800;6
299900;6
300000;6
300100;6
300200;6
300300;6
300400;9
300500;9
300600;6
300700;6
300800;6
300900;6
301000;6
301100;6
301200;6
301300;6
301400;6
301500;6
301600;6
301700;6
301800;6
301900;6
302000;6
302100;6
302200;6
302300;6
302400;7
302500;7
302600;6
302700;6
302800;7
302900;7
303000;6
303100;6
303200;6
303300;6
303400;6
303500;6
303600;7
303700;7
303800;6
303900;6
304000;11
304100;11
304200;6
304300;6
304400;6
304500;6
304600;7
304700;7
304800;6
304900;6
305000;6
305100;6
305200;6
305300;6
305400;6
305500;6
305600;6
305700;6
305800;6
305900;6
306000;7
306100;7
306200;6
306300;6
306400;6
306500;6
306600;6
306700;6
306800;7
306900;7
307000;7
307100;7
307200;9
307300;9
307400;7
307500;7
307600;6
307700;6
307800;7
307900;7
308000;7
308100;7
308200;7
308300;7
308400;7
308500;7
308600;7
308700;7
308800;7
308900;7
309000;7
309100;7
309200;7
309300;7
309400;7
309500;7
309600;7
309700;7
309800;7
309900;7
310000;7
310100;7
310200;7
310300;7
310400;7
310500;7
310600;11
310700;11
310800;7
310900;7
311000;7
311100;7
311200;10
311300;10
311400;7
311500;7
311600;7
311700;7
311800;7
311900;7
312000;7
312100;7
312200;9
312300;9
312400;7
312500;7
312600;7
312700;7
312800;9
312900;9
313000;7
313100;7
313200;7
313300;7
313400;7
313500;7
313600;7
313700;7
313800;7
313900;7
314000;7
314100;7
314200;7
314300;7
314400;7
314500;7
314600;7
314700;7
314800;7
314900;7
315000;7
315100;7
315200;7
315300;7
315400;7
315500;7
315600;7
315700;7
315800;7
315900;7
316000;7
316100;7
316200;7
316300;7
316400;7
316500;7
316600;7
316700;7
316800;7
316900;7
317000;7
317100;7
317200;7
317300;7
317400;7
317500;7
317600;6
317700;6
317800;6
317900;6
318000;11
318100;11
318200;7
318300;7
318400;6
318500;6
318600;7
318700;7
318800;6
318900;6
319000;6
319100;6
319200;6
319300;6
319400;6
319500;6
319600;6
319700;6
319800;6
319900;6
320000;11
320100;11
320200;6
320300;6
320400;6
320500;6
320600;6
320700;6
320800;6
320900;6
321000;6
321100;6
321200;6
321300;6
321400;6
321500;6
321600;6
321700;6
321800;6
321900;6
322000;6
322100;6
322200;7
322300;7
322400;8
322500;8
322600;6
322700;6
322800;23
322900;23
323000;12
323100;12
323200;6
323300;6
323400;6
323500;6
323600;75
323700;75
323800;62
323900;62
324000;39
324100;39
324200;22
324300;22
324400;30
324500;30
324600;25
324700;25
324800;7
324900;7
325000;51
325100;51
325200;29
325300;29
325400;43
325500;43
325600;26
325700;26
325800;17
325900;17
326000;19
326100;19
326200;42
326300;42
326400;80
326500;80
326600;32
326700;32
326800;58
326900;58
327000;52
327100;52
327200;67
327300;67
327400;36
327500;36
327600;15
327700;15
327800;6
327900;6
328000;55
328100;55
328200;61
328300;61
328400;103
328500;103
328600;53
328700;53
328800;15
328900;15
329000;6
329100;6
329200;6
329300;6
329400;6
329500;6
329600;14
329700;14
329800;50
329900;50
330000;33
330100;33
330200;39
330300;39
330400;28
330500;28
330600;22
330700;22
330800;20
330900;20
331000;6
331100;6
331200;6
331300;6
331400;23
331500;23
331600;32
331700;32
331800;8
331900;8
332000;6
332100;6
332200;32
332300;32
332400;28
332500;28
332600;36
332700;36
332800;34
332900;34
333000;36
333100;36
333200;24
333300;24
333400;19
333500;19
333600;17
333700;17
333800;29
333900;29
334000;19
334100;19
334200;6
334300;6
334400;6
334500;6
334600;6
334700;6
334800;6
334900;6
335000;6
335100;6
335200;6
335300;6
335400;6
335500;6
335600;6
335700;6
335800;6
335900;6
336000;6
336100;6
336200;6
336300;6
336400;6
336500;6
336600;6
336700;6
336800;7
336900;7
337000;6
337100;6
337200;6
337300;6
337400;6
337500;6
337600;6
337700;6
337800;6
337900;6
338000;6
338100;6
338200;6
338300;6
338400;6
338500;6
338600;9
338700;9
338800;6
338900;6
339000;6
339100;6
339200;6
339300;6
339400;6
339500;6
339600;6
339700;6
339800;6
339900;6
340000;6
340100;6
340200;6
340300;6
340400;6
340500;6
340600;6
340700;6
340800;6
340900;6
341000;6
341100;6
341200;6
341300;6
341400;6
341500;6
341600;6
341700;6
341800;6
341900;6
342000;6
342100;6
342200;6
342300;6
342400;6
342500;6
342600;7
342700;7
342800;6
342900;6
343000;6
343100;6
343200;6
343300;6
343400;6
343500;6
343600;6
343700;6
343800;6
343900;6
344000;6
344100;6
344200;6
344300;6
344400;6
344500;6
344600;6
344700;6
344800;6
344900;6
345000;6
345100;6
345200;6
345300;6
345400;6
345500;6
345600;6
345700;6
345800;7
345900;7
346000;7
346100;7
346200;7
346300;7
346400;7
346500;7
346600;7
346700;7
346800;7
346900;7
347000;7
347100;7
347200;17
347300;17
347400;25
347500;25
347600;44
347700;44
347800;62
347900;62
348000;36
348100;36
348200;18
348300;18
348400;15
348500;15
348600;16
348700;16
348800;68
348900;68
349000;25
349100;25
349200;13
349300;13
349400;38
349500;38
349600;63
349700;63
349800;45
349900;45
350000;32
350100;32
350200;17
350300;17
350400;37
350500;37
350600;33
350700;33
350800;39
350900;39
351000;29
351100;29
351200;13
351300;13
351400;31
351500;31
351600;35
351700;35
351800;53
351900;53
352000;32
352100;32
352200;22
352300;22
352400;26
352500;26
352600;23
352700;23
352800;25
352900;25
353000;37
353100;37
353200;27
353300;27
353400;13
353500;13
353600;7
353700;7
353800;7
353900;7
354000;7
354100;7
354200;7
354300;7
354400;6
354500;6
354600;6
354700;6
354800;6
354900;6
355000;6
355100;6
355200;6
355300;6
355400;6
355500;6
355600;6
355700;6
355800;6
355900;6
356000;6
356100;6
356200;29
356300;29
356400;34
356500;34
356600;50
356700;50
356800;43
356900;43
357000;35
357100;35
357200;27
357300;27
357400;20
357500;20
357600;19
357700;19
357800;30
357900;30
358000;38
358100;38
358200;23
358300;23
358400;40
358500;40
358600;25
358700;25
358800;44
358900;44
359000;50
359100;50
359200;43
359300;43
359400;29
359500;29
359600;49
359700;49
359800;12
359900;12
360000;44
360100;44
360200;19
360300;19
360400;11
360500;11
360600;6
360700;6
360800;7
360900;7
361000;7
361100;7
361200;7
361300;7
361400;7
361500;7
361600;7
361700;7
361800;7
361900;7
362000;7
362100;7
362200;7
362300;7
362400;7
362500;7
362600;7
362700;7
362800;7
362900;7
363000;6
363100;6
363200;6
363300;6
363400;5
363500;5
363600;5
363700;5
363800;6
363900;6
364000;9
364100;9
364200;6
364300;6
364400;6
364500;6
364600;6
364700;6
364800;6
364900;6
365000;6
365100;6
365200;6
365300;6
365400;6
365500;6
365600;6
365700;6
365800;6
365900;6
366000;5
366100;5
366200;6
366300;6
366400;6
366500;6
366600;6
366700;6
366800;5
366900;5
367000;6
367100;6
367200;6
367300;6
367400;6
367500;6
367600;6
367700;6
367800;6
367900;6
368000;6
368100;6
368200;6
368300;6
368400;6
368500;6
368600;6
368700;6
368800;6
368900;6
369000;6
369100;6
369200;6
369300;6
369400;6
369500;6
369600;6
369700;6
369800;6
369900;6
370000;6
370100;6
370200;6
370300;6
370400;6
370500;6
370600;6
370700;6
370800;6
370900;6
371000;6
371100;6
371200;6
371300;6
371400;6
371500;6
371600;6
371700;6
371800;6
371900;6
372000;6
372100;6
372200;6
372300;6
372400;6
372500;6
372600;6
372700;6
372800;6
372900;6
373000;6
373100;6
373200;22
373300;22
373400;25
373500;25
373600;23
373700;23
373800;19
373900;19
374000;13
374100;13
374200;6
374300;6
374400;10
374500;10
374600;10
374700;10
374800;7
374900;7
375000;6
375100;6
375200;6
375300;6
375400;6
375500;6
375600;6
375700;6
375800;6
375900;6
376000;6
376100;6
376200;6
376300;6
376400;6
376500;6
376600;6
376700;6
376800;6
376900;6
377000;6
377100;6
377200;6
377300;6
377400;6
377500;6
377600;6
377700;6
377800;6
377900;6
378000;14
378100;14
378200;13
378300;13
378400;8
378500;8
378600;6
378700;6
378800;6
378900;6
379000;6
379100;6
379200;6
379300;6
379400;6
379500;6
379600;11
379700;11
379800;13
379900;13
380000;7
380100;7
380200;6
380300;6
380400;6
380500;6
380600;6
380700;6
380800;6
380900;6
381000;6
381100;6
381200;6
381300;6
381400;6
381500;6
381600;6
381700;6
381800;6
381900;6
382000;6
382100;6
382200;6
382300;6
382400;6
382500;6
382600;6
382700;6
382800;6
382900;6
383000;6
383100;6
383200;6
383300;6
383400;6
383500;6
383600;6
383700;6
383800;6
383900;6
384000;6
384100;6
384200;6
384300;6
384400;6
384500;6
384600;6
384700;6
384800;6
384900;6
385000;6
385100;6
385200;6
385300;6
385400;6
385500;6
385600;6
385700;6
385800;6
385900;6
386000;6
386100;6
386200;6
386300;6
386400;6
386500;6
386600;6
386700;6
386800;6
386900;6
387000;6
387100;6
387200;6
387300;6
387400;6
387500;6
387600;6
387700;6
387800;6
387900;6
388000;6
388100;6
388200;6
388300;6
388400;6
388500;6
388600;6
388700;6
388800;6
388900;6
389000;6
389100;6
389200;6
389300;6
389400;6
389500;6
389600;6
389700;6
389800;6
389900;6
390000;6
390100;6
390200;6
390300;6
390400;6
390500;6
390600;6
390700;6
390800;6
390900;6
391000;6
391100;6
391200;6
391300;6
391400;6
391500;6
391600;6
391700;6
391800;6
391900;6
392000;6
392100;6
392200;6
392300;6
392400;6
392500;6
392600;6
392700;6
392800;6
392900;6
393000;6
393100;6
393200;6
393300;6
393400;6
393500;6
393600;6
393700;6
393800;6
393900;6
394000;6
394100;6
394200;6
394300;6
394400;6
394500;6
394600;6
394700;6
394800;6
394900;6
395000;6
395100;6
395200;6
395300;6
395400;6
395500;6
395600;6
395700;6
395800;6
395900;6
396000;6
396100;6
396200;6
396300;6
396400;6
396500;6
396600;6
396700;6
396800;6
396900;6
397000;6
397100;6
397200;6
397300;6
397400;6
397500;6
397600;6
397700;6
397800;6
397900;6
398000;6
398100;6
398200;7
398300;7
398400;69
398500;69
398600;46
398700;46
398800;47
398900;47
399000;22
399100;22
399200;6
399300;6
399400;6
399500;6
399600;6
399700;6
399800;6
399900;6
400000;6
400100;6
400200;6
400300;6
400400;6
400500;6
400600;6
400700;6
400800;6
400900;6
401000;6
401100;6
401200;8
401300;8
401400;6
401500;6
401600;6
401700;6
401800;6
401900;6
402000;6
402100;6
402200;7
402300;7
402400;6
402500;6
402600;7
402700;7
402800;6
402900;6
403000;6
403100;6
403200;6
403300;6
403400;6
403500;6
403600;6
403700;6
403800;6
403900;6
404000;6
404100;6
404200;6
404300;6
404400;6
404500;6
404600;6
404700;6
404800;6
404900;6
405000;6
405100;6
405200;6
405300;6
405400;6
405500;6
405600;6
405700;6
405800;6
405900;6
406000;6
406100;6
406200;6
406300;6
406400;6
406500;6
406600;6
406700;6
406800;6
406900;6
407000;6
407100;6
407200;6
407300;6
407400;6
407500;6
407600;6
407700;6
407800;6
407900;6
408000;6
408100;6
408200;6
408300;6
408400;6
408500;6
408600;6
408700;6
408800;6
408900;6
409000;6
409100;6
409200;6
409300;6
409400;32
409500;32
409600;19
409700;19
409800;6
409900;6
410000;6
410100;6
410200;6
410300;6
410400;6
410500;6
410600;6
410700;6
410800;6
410900;6
411000;6
411100;6
411200;6
411300;6
411400;6
411500;6
411600;6
411700;6
411800;6
411900;6
412000;6
412100;6
412200;6
412300;6
412400;6
412500;6
412600;6
412700;6
412800;6
412900;6
413000;6
413100;6
413200;6
413300;6
413400;6
413500;6
413600;6
413700;6
413800;6
413900;6
414000;6
414100;6
414200;6
414300;6
414400;6
414500;6
414600;6
414700;6
414800;6
414900;6
415000;6
415100;6
415200;6
415300;6
415400;6
415500;6
415600;6
415700;6
415800;6
415900;6
416000;6
416100;6
416200;6
416300;6
416400;6
416500;6
416600;6
416700;6
416800;6
416900;6
417000;6
417100;6
417200;6
417300;6
417400;6
417500;6
417600;7
417700;7
417800;6
417900;6
418000;6
418100;6
418200;6
418300;6
418400;6
418500;6
418600;6
418700;6
418800;6
418900;6
419000;6
419100;6
419200;8
419300;8
419400;6
419500;6
419600;6
419700;6
419800;6
419900;6
420000;6
420100;6
420200;6
420300;6
420400;6
420500;6
420600;6
420700;6
420800;6
420900;6
421000;8
421100;8
421200;28
421300;28
421400;6
421500;6
421600;6
421700;6
421800;6
421900;6
422000;6
422100;6
422200;6
422300;6
422400;6
422500;6
422600;6
422700;6
422800;6
422900;6
423000;6
423100;6
423200;6
423300;6
423400;6
423500;6
423600;6
423700;6
423800;6
423900;6
424000;6
424100;6
424200;6
424300;6
424400;6
424500;6
424600;6
424700;6
424800;6
424900;6
425000;6
425100;6
425200;6
425300;6
425400;6
425500;6
425600;6
425700;6
425800;6
425900;6
426000;6
426100;6
426200;6
426300;6
426400;6
426500;6
426600;6
426700;6
426800;6
426900;6
427000;6
427100;6
427200;6
427300;6
427400;6
427500;6
427600;6
427700;6
427800;6
427900;6
428000;6
428100;6
428200;6
428300;6
428400;6
428500;6
428600;6
428700;6
428800;6
428900;6
429000;6
429100;6
429200;6
429300;6
429400;6
429500;6
429600;6
429700;6
429800;6
429900;6
430000;6
430100;6
430200;6
430300;6
430400;6
430500;6
430600;6
430700;6
430800;6
430900;6
431000;6
431100;6
431200;6
431300;6
431400;6
431500;6
431600;6
431700;6
431800;6
431900;6
432000;6
432100;6
432200;6
432300;6
432400;6
432500;6
432600;6
432700;6
432800;6
432900;6
433000;6
433100;6
433200;6
433300;6
433400;6
433500;6
433600;6
433700;6
433800;6
433900;6
434000;8
434100;8
434200;6
434300;6
434400;6
434500;6
434600;6
434700;6
434800;6
434900;6
435000;6
435100;6
435200;6
435300;6
435400;6
435500;6
435600;6
435700;6
435800;15
435900;15
436000;6
436100;6
436200;6
436300;6
436400;7
436500;7
436600;6
436700;6
436800;6
436900;6
437000;6
437100;6
437200;6
437300;6
437400;6
437500;6
437600;6
437700;6
437800;6
437900;6
438000;6
438100;6
438200;6
438300;6
438400;6
438500;6
438600;6
438700;6
438800;6
438900;6
439000;31
439100;31
439200;9
439300;9
439400;7
439500;7
439600;6
439700;6
439800;9
439900;9
440000;8
440100;8
440200;8
440300;8
440400;10
440500;10
440600;7
440700;7
440800;10
440900;10
441000;7
441100;7
441200;9
441300;9
441400;12
441500;12
441600;6
441700;6
441800;9
441900;9
442000;8
442100;8
442200;6
442300;6
442400;7
442500;7
442600;7
442700;7
442800;7
442900;7
443000;7
443100;7
443200;6
443300;6
443400;6
443500;6
443600;14
443700;14
443800;7
443900;7
444000;8
444100;8
444200;8
444300;8
444400;6
444500;6
444600;12
444700;12
444800;6
444900;6
445000;12
445100;12
445200;11
445300;11
445400;14
445500;14
445600;14
445700;14
445800;6
445900;6
446000;6
446100;6
446200;7
446300;7
446400;6
446500;6
446600;8
446700;8
446800;6
446900;6
447000;7
447100;7
447200;8
447300;8
447400;7
447500;7
447600;14
447700;14
447800;14
447900;14
448000;6
448100;6
448200;6
448300;6
448400;7
448500;7
448600;7
448700;7
448800;10
448900;10
449000;7
449100;7
449200;8
449300;8
449400;6
449500;6
449600;11
449700;11
449800;7
449900;7
450000;6
450100;6
450200;15
450300;15
450400;8
450500;8
450600;20
450700;20
450800;10
450900;10
451000;13
451100;13
451200;6
451300;6
451400;6
451500;6
451600;16
451700;16
451800;15
451900;15
452000;7
452100;7
452200;7
452300;7
452400;7
452500;7
452600;6
452700;6
452800;6
452900;6
453000;7
453100;7
453200;7
453300;7
453400;7
453500;7
453600;7
453700;7
453800;6
453900;6
454000;9
454100;9
454200;7
454300;7
454400;6
454500;6
454600;6
454700;6
454800;6
454900;6
455000;6
455100;6
455200;7
455300;7
455400;7
455500;7
455600;7
455700;7
455800;7
455900;7
456000;7
456100;7
456200;7
456300;7
456400;7
456500;7
456600;7
456700;7
456800;8
456900;8
457000;6
457100;6
457200;7
457300;7
457400;34
457500;34
457600;68
457700;68
457800;23
457900;23
458000;61
458100;61
458200;72
458300;72
458400;34
458500;34
458600;65
458700;65
458800;34
458900;34
459000;52
459100;52
459200;49
459300;49
459400;30
459500;30
459600;57
459700;57
459800;41
459900;41
460000;52
460100;52
460200;41
460300;41
460400;31
460500;31
460600;54
460700;54
460800;60
460900;60
461000;57
461100;57
461200;19
461300;19
461400;72
461500;72
461600;14
461700;14
461800;7
461900;7
462000;6
462100;6
462200;7
462300;7
462400;7
462500;7
462600;7
462700;7
462800;7
462900;7
463000;7
463100;7
463200;6
463300;6
463400;7
463500;7
463600;9
463700;9
463800;7
463900;7
464000;26
464100;26
464200;46
464300;46
464400;34
464500;34
464600;59
464700;59
464800;32
464900;32
465000;17
465100;17
465200;20
465300;20
465400;21
465500;21
465600;36
465700;36
465800;37
465900;37
466000;55
466100;55
466200;43
466300;43
466400;38
466500;38
466600;76
466700;76
466800;44
466900;44
467000;60
467100;60
467200;38
467300;38
467400;29
467500;29
467600;26
467700;26
467800;51
467900;51
468000;49
468100;49
468200;70
468300;70
468400;71
468500;71
468600;79
468700;79
468800;79
468900;79
469000;86
469100;86
469200;69
469300;69
469400;71
469500;71
469600;82
469700;82
469800;54
469900;54
470000;71
470100;71
470200;67
470300;67
470400;63
470500;63
470600;88
470700;88
470800;99
470900;99
471000;71
471100;71
471200;79
471300;79
471400;99
471500;99
471600;90
471700;90
471800;106
471900;106
472000;77
472100;77
472200;92
472300;92
472400;132
472500;132
472600;113
472700;113
472800;76
472900;76
473000;44
473100;44
473200;42
473300;42
473400;62
473500;62
473600;88
473700;88
473800;63
473900;63
474000;70
474100;70
474200;101
474300;101
474400;112
474500;112
474600;75
474700;75
474800;69
474900;69
475000;62
475100;62
475200;79
475300;79
475400;133
475500;133
475600;75
475700;75
475800;86
475900;86
476000;128
476100;128
476200;83
476300;83
476400;81
476500;81
476600;65
476700;65
476800;66
476900;66
477000;75
477100;75
477200;96
477300;96
477400;110
477500;110
477600;62
477700;62
477800;87
477900;87
478000;105
478100;105
478200;104
478300;104
478400;113
478500;113
478600;139
478700;139
478800;97
478900;97
479000;127
479100;127
479200;79
479300;79
479400;85
479500;85
479600;103
479700;103
479800;131
479900;131
480000;128
480100;128
480200;101
480300;101
480400;108
480500;108
480600;107
480700;107
480800;108
480900;108
481000;118
481100;118
481200;84
481300;84
481400;91
481500;91
481600;121
481700;121
481800;101
481900;101
482000;67
482100;67
482200;180
482300;180
482400;129
482500;129
482600;137
482700;137
482800;131
482900;131
483000;76
483100;76
483200;78
483300;78
483400;76
483500;76
483600;80
483700;80
483800;117
483900;117
484000;95
484100;95
484200;117
484300;117
484400;139
484500;139
484600;113
484700;113
484800;132
484900;132
485000;77
485100;77
485200;85
485300;85
485400;78
485500;78
485600;82
485700;82
485800;68
485900;68
486000;57
486100;57
486200;83
486300;83
486400;106
486500;106
486600;74
486700;74
486800;108
486900;108
487000;101
487100;101
487200;108
487300;108
487400;107
487500;107
487600;88
487700;88
487800;78
487900;78
488000;65
488100;65
488200;81
488300;81
488400;62
488500;62
488600;68
488700;68
488800;81
488900;81
489000;84
489100;84
489200;65
489300;65
489400;63
489500;63
489600;57
489700;57
489800;61
489900;61
490000;79
490100;79
490200;50
490300;50
490400;61
490500;61
490600;102
490700;102
490800;71
490900;71
491000;81
491100;81
491200;71
491300;71
491400;64
491500;64
491600;134
491700;134
491800;99
491900;99
492000;108
492100;108
492200;127
492300;127
492400;101
492500;101
492600;68
492700;68
492800;63
492900;63
493000;78
493100;78
493200;93
493300;93
493400;86
493500;86
493600;113
493700;113
493800;95
493900;95
494000;107
494100;107
494200;135
494300;135
494400;117
494500;117
494600;96
494700;96
494800;96
494900;96
495000;110
495100;110
495200;121
495300;121
495400;97
495500;97
495600;68
495700;68
495800;111
495900;111
496000;73
496100;73
496200;68
496300;68
496400;88
496500;88
496600;56
496700;56
496800;78
496900;78
497000;62
497100;62
497200;94
497300;94
497400;71
497500;71
497600;81
497700;81
497800;67
497900;67
498000;79
498100;79
498200;71
498300;71
498400;104
498500;104
498600;81
498700;81
498800;128
498900;128
499000;128
499100;128
499200;113
499300;113
499400;89
499500;89
499600;102
499700;102
499800;91
499900;91
500000;78
500100;78
500200;81
500300;81
500400;66
500500;66
500600;66
500700;66
500800;97
500900;97
501000;86
501100;86
501200;61
501300;61
501400;66
501500;66
501600;62
501700;62
501800;82
501900;82
502000;77
502100;77
502200;65
502300;65
502400;65
502500;65
502600;65
502700;65
502800;55
502900;55
503000;78
503100;78
503200;73
503300;73
503400;76
503500;76
503600;87
503700;87
503800;94
503900;94
504000;88
504100;88
504200;91
504300;91
504400;70
504500;70
504600;69
504700;69
504800;85
504900;85
505000;69
505100;69
505200;60
505300;60
505400;78
505500;78
505600;85
505700;85
505800;72
505900;72
506000;70
506100;70
506200;70
506300;70
506400;64
506500;64
506600;59
506700;59
506800;64
506900;64
507000;71
507100;71
507200;59
507300;59
507400;56
507500;56
507600;70
507700;70
507800;81
507900;81
508000;94
508100;94
508200;75
508300;75
508400;70
508500;70
508600;71
508700;71
508800;76
508900;76
509000;77
509100;77
509200;58
509300;58
509400;58
509500;58
509600;67
509700;67
509800;56
509900;56
510000;42
510100;42
510200;59
510300;59
510400;68
510500;68
510600;93
510700;93
510800;108
510900;108
511000;75
511100;75
511200;68
511300;68
511400;105
511500;105
511600;60
511700;60
511800;43
511900;43
512000;89
512100;89
512200;56
512300;56
512400;74
512500;74
512600;65
512700;65
512800;71
512900;71
513000;57
513100;57
513200;57
513300;57
513400;50
513500;50
513600;48
513700;48
513800;130
513900;130
514000;111
514100;111
514200;90
514300;90
514400;61
514500;61
514600;48
514700;48
514800;57
514900;57
515000;98
515100;98
515200;103
515300;103
515400;66
515500;66
515600;75
515700;75
515800;67
515900;67
516000;60
516100;60
516200;71
516300;71
516400;73
516500;73
516600;58
516700;58
516800;51
516900;51
517000;53
517100;53
517200;84
517300;84
517400;83
517500;83
517600;57
517700;57
517800;79
517900;79
518000;62
518100;62
518200;81
518300;81
518400;83
518500;83
518600;83
518700;83
518800;75
518900;75
519000;68
519100;68
519200;89
519300;89
519400;85
519500;85
519600;90
519700;90
519800;88
519900;88
520000;92
520100;92
520200;89
520300;89
520400;109
520500;109
520600;74
520700;74
520800;75
520900;75
521000;73
521100;73
521200;100
521300;100
521400;92
521500;92
521600;94
521700;94
521800;110
521900;110
522000;114
522100;114
522200;83
522300;83
522400;84
522500;84
522600;105
522700;105
522800;99
522900;99
523000;92
523100;92
523200;118
523300;118
523400;121
523500;121
523600;97
523700;97
523800;93
523900;93
524000;97
524100;97
524200;88
524300;88
524400;96
524500;96
524600;120
524700;120
524800;114
524900;114
525000;117
525100;117
525200;106
525300;106
525400;90
525500;90
525600;99
525700;99
525800;86
525900;86
526000;106
526100;106
526200;100
526300;100
526400;90
526500;90
526600;85
526700;85
526800;93
526900;93
527000;88
527100;88
527200;98
527300;98
527400;81
527500;81
527600;73
527700;73
527800;75
527900;75
528000;70
528100;70
528200;91
528300;91
528400;131
528500;131
528600;110
528700;110
528800;129
528900;129
529000;95
529100;95
529200;86
529300;86
529400;102
529500;102
529600;90
529700;90
529800;118
529900;118
530000;111
530100;111
530200;87
530300;87
530400;99
530500;99
530600;89
530700;89
530800;111
530900;111
531000;113
531100;113
531200;115
531300;115
531400;130
531500;130
531600;112
531700;112
531800;115
531900;115
532000;102
532100;102
532200;90
532300;90
532400;114
532500;114
532600;121
532700;121
532800;87
532900;87
533000;94
533100;94
533200;118
533300;118
533400;105
533500;105
533600;113
533700;113
533800;116
533900;116
534000;71
534100;71
534200;87
534300;87
534400;109
534500;109
534600;84
534700;84
534800;120
534900;120
535000;84
535100;84
535200;64
535300;64
535400;86
535500;86
535600;99
535700;99
535800;92
535900;92
536000;66
536100;66
536200;98
536300;98
536400;84
536500;84
536600;86
536700;86
536800;84
536900;84
537000;74
537100;74
537200;93
537300;93
537400;79
537500;79
537600;103
537700;103
537800;86
537900;86
538000;91
538100;91
538200;62
538300;62
538400;84
538500;84
538600;67
538700;67
538800;67
538900;67
539000;78
539100;78
539200;70
539300;70
539400;83
539500;83
539600;65
539700;65
539800;72
539900;72
540000;63
540100;63
540200;63
540300;63
540400;72
540500;72
540600;109
540700;109
540800;92
540900;92
541000;107
541100;107
541200;110
541300;110
541400;139
541500;139
541600;130
541700;130
541800;136
541900;136
542000;140
542100;140
542200;107
542300;107
542400;88
542500;88
542600;124
542700;124
542800;90
542900;90
543000;86
543100;86
543200;106
543300;106
543400;105
543500;105
543600;88
543700;88
543800;71
543900;71
544000;76
544100;76
544200;72
544300;72
544400;72
544500;72
544600;88
544700;88
544800;89
544900;89
545000;85
545100;85
545200;88
545300;88
545400;90
545500;90
545600;128
545700;128
545800;103
545900;103
546000;106
546100;106
546200;88
546300;88
546400;106
546500;106
546600;94
546700;94
546800;113
546900;113
547000;105
547100;105
547200;115
547300;115
547400;97
547500;97
547600;75
547700;75
547800;88
547900;88
548000;112
548100;112
548200;98
548300;98
548400;106
548500;106
548600;70
548700;70
548800;70
548900;70
549000;75
549100;75
549200;83
549300;83
549400;91
549500;91
549600;84
549700;84
549800;70
549900;70
550000;71
550100;71
550200;96
550300;96
550400;98
550500;98
550600;124
550700;124
550800;110
550900;110
551000;100
551100;100
551200;106
551300;106
551400;110
551500;110
551600;115
551700;115
551800;133
551900;133
552000;160
552100;160
552200;155
552300;155
552400;161
552500;161
552600;178
552700;178
552800;176
552900;176
553000;168
553100;168
553200;212
553300;212
553400;184
553500;184
553600;182
553700;182
553800;171
553900;171
554000;141
554100;141
554200;152
554300;152
554400;139
554500;139
554600;132
554700;132
554800;116
554900;116
555000;115
555100;115
555200;108
555300;108
555400;127
555500;127
555600;125
555700;125
555800;141
555900;141
556000;123
556100;123
556200;123
556300;123
556400;120
556500;120
556600;86
556700;86
556800;100
556900;100
557000;85
557100;85
557200;90
557300;90
557400;106
557500;106
557600;110
557700;110
557800;104
557900;104
558000;84
558100;84
558200;92
558300;92
558400;93
558500;93
558600;121
558700;121
558800;133
558900;133
559000;120
559100;120
559200;82
559300;82
559400;82
559500;82
559600;91
559700;91
559800;103
559900;103
560000;81
560100;81
560200;97
560300;97
560400;112
560500;112
560600;115
560700;115
560800;105
560900;105
561000;88
561100;88
561200;91
561300;91
561400;84
561500;84
561600;81
561700;81
561800;86
561900;86
562000;67
562100;67
562200;66
562300;66
562400;75
562500;75
562600;99
562700;99
562800;99
562900;99
563000;102
563100;102
563200;80
563300;80
563400;73
563500;73
563600;83
563700;83
563800;87
563900;87
564000;92
564100;92
564200;91
564300;91
564400;100
564500;100
564600;99
564700;99
564800;99
564900;99
565000;94
565100;94
565200;119
565300;119
565400;125
565500;125
565600;122
565700;122
565800;105
565900;105
566000;112
566100;112
566200;102
566300;102
566400;102
566500;102
566600;106
566700;106
566800;102
566900;102
567000;104
567100;104
567200;100
567300;100
567400;89
567500;89
567600;90
567700;90
567800;99
567900;99
568000;102
568100;102
568200;118
568300;118
568400;123
568500;123
568600;123
568700;123
568800;98
568900;98
569000;101
569100;101
569200;87
569300;87
569400;79
569500;79
569600;107
569700;107
569800;118
569900;118
570000;93
570100;93
570200;103
570300;103
570400;103
570500;103
570600;109
570700;109
570800;113
570900;113
571000;110
571100;110
571200;103
571300;103
571400;101
571500;101
571600;65
571700;65
571800;63
571900;63
572000;74
572100;74
572200;81
572300;81
572400;78
572500;78
572600;82
572700;82
572800;77
572900;77
573000;58
573100;58
573200;57
573300;57
573400;59
573500;59
573600;65
573700;65
573800;63
573900;63
574000;70
574100;70
574200;69
574300;69
574400;67
574500;67
574600;70
574700;70
574800;64
574900;64
575000;65
575100;65
575200;66
575300;66
575400;63
575500;63
575600;61
575700;61
575800;62
575900;62
576000;63
576100;63
576200;68
576300;68
576400;65
576500;65
576600;73
576700;73
576800;52
576900;52
577000;45
577100;45
577200;43
577300;43
577400;43
577500;43
577600;38
577700;38
577800;69
577900;69
578000;56
578100;56
578200;67
578300;67
578400;53
578500;53
578600;84
578700;84
578800;68
578900;68
579000;52
579100;52
579200;54
579300;54
579400;95
579500;95
579600;97
579700;97
579800;52
579900;52
580000;57
580100;57
580200;55
580300;55
580400;61
580500;61
580600;98
580700;98
580800;108
580900;108
581000;73
581100;73
581200;105
581300;105
581400;73
581500;73
581600;83
581700;83
581800;75
581900;75
582000;77
582100;77
582200;111
582300;111
582400;86
582500;86
582600;96
582700;96
582800;103
582900;103
583000;83
583100;83
583200;81
583300;81
583400;78
583500;78
583600;72
583700;72
583800;75
583900;75
584000;37
584100;37
584200;5
584300;5
584400;5
584500;5
584600;5
584700;5
584800;5
584900;5
585000;6
585100;6
585200;6
585300;6
585400;150
585500;150
585600;90
585700;90
585800;68
585900;68
586000;85
586100;85
586200;109
586300;109
586400;73
586500;73
586600;105
586700;105
586800;131
586900;131
587000;140
587100;140
587200;108
587300;108
587400;153
587500;153
587600;129
587700;129
587800;168
587900;168
588000;143
588100;143
588200;149
588300;149
588400;121
588500;121
588600;190
588700;190
588800;167
588900;167
589000;207
589100;207
589200;188
589300;188
589400;191
589500;191
589600;197
589700;197
589800;144
589900;144
590000;156
590100;156
590200;174
590300;174
590400;132
590500;132
590600;172
590700;172
590800;189
590900;189
591000;209
591100;209
591200;150
591300;150
591400;202
591500;202
591600;144
591700;144
591800;168
591900;168
592000;149
592100;149
592200;168
592300;168
592400;152
592500;152
592600;198
592700;198
592800;193
592900;193
593000;198
593100;198
593200;189
593300;189
593400;190
593500;190
593600;146
593700;146
593800;129
593900;129
594000;137
594100;137
594200;163
594300;163
594400;181
594500;181
594600;184
594700;184
594800;145
594900;145
595000;154
595100;154
595200;175
595300;175
595400;135
595500;135
595600;126
595700;126
595800;135
595900;135
596000;138
596100;138
596200;138
596300;138
596400;132
596500;132
596600;115
596700;115
596800;135
596900;135
597000;119
597100;119
597200;167
597300;167
597400;163
597500;163
597600;93
597700;93
597800;95
597900;95
598000;118
598100;118
598200;127
598300;127
598400;95
598500;95
598600;92
598700;92
598800;89
598900;89
599000;110
599100;110
599200;89
599300;89
599400;125
599500;125
599600;108
599700;108
599800;80
599900;80
600000;128
600100;128
600200;96
600300;96
600400;81
600500;81
600600;73
600700;73
600800;105
600900;105
601000;114
601100;114
601200;81
601300;81
601400;117
601500;117
601600;110
601700;110
601800;69
601900;69
602000;80
602100;80
602200;85
602300;85
602400;99
602500;99
602600;100
602700;100
602800;104
602900;104
603000;82
603100;82
603200;80
603300;80
603400;88
603500;88
603600;75
603700;75
603800;66
603900;66
604000;82
604100;82
604200;113
604300;113
604400;87
604500;87
604600;86
604700;86
604800;102
604900;102
605000;100
605100;100
605200;85
605300;85
605400;94
605500;94
605600;95
605700;95
605800;100
605900;100
606000;97
606100;97
606200;104
606300;104
606400;101
606500;101
606600;104
606700;104
606800;79
606900;79
607000;73
607100;73
607200;81
607300;81
607400;75
607500;75
607600;76
607700;76
607800;75
607900;75
608000;78
608100;78
608200;60
608300;60
608400;62
608500;62
608600;62
608700;62
608800;66
608900;66
609000;65
609100;65
609200;69
609300;69
609400;86
609500;86
609600;124
609700;124
609800;82
609900;82
610000;93
610100;93
610200;106
610300;106
610400;82
610500;82
610600;124
610700;124
610800;121
610900;121
611000;119
611100;119
611200;96
611300;96
611400;137
611500;137
611600;106
611700;106
611800;79
611900;79
612000;121
612100;121
612200;131
612300;131
612400;108
612500;108
612600;117
612700;117
612800;124
612900;124
613000;134
613100;134
613200;118
613300;118
613400;192
613500;192
613600;177
613700;177
613800;169
613900;169
614000;161
614100;161
614200;161
614300;161
614400;179
614500;179
614600;165
614700;165
614800;158
614900;158
615000;157
615100;157
615200;167
615300;167
615400;123
615500;123
615600;149
615700;149
615800;129
615900;129
616000;124
616100;124
616200;140
616300;140
616400;161
616500;161
616600;96
616700;96
616800;91
616900;91
617000;97
617100;97
617200;106
617300;106
617400;106
617500;106
617600;99
617700;99
617800;108
617900;108
618000;121
618100;121
618200;104
618300;104
618400;90
618500;90
618600;84
618700;84
618800;82
618900;82
619000;91
619100;91
619200;78
619300;78
619400;60
619500;60
619600;64
619700;64
619800;62
619900;62
620000;59
620100;59
620200;64
620300;64
620400;67
620500;67
620600;73
620700;73
620800;67
620900;67
621000;70
621100;70
621200;75
621300;75
621400;78
621500;78
621600;93
621700;93
621800;89
621900;89
622000;96
622100;96
622200;91
622300;91
622400;91
622500;91
622600;97
622700;97
622800;96
622900;96
623000;104
623100;104
623200;130
623300;130
623400;127
623500;127
623600;138
623700;138
623800;113
623900;113
624000;132
624100;132
624200;123
624300;123
624400;144
624500;144
624600;135
624700;135
624800;139
624900;139
625000;139
625100;139
625200;145
625300;145
625400;148
625500;148
625600;144
625700;144
625800;130
625900;130
626000;95
626100;95
626200;75
626300;75
626400;100
626500;100
626600;86
626700;86
626800;90
626900;90
627000;86
627100;86
627200;101
627300;101
627400;118
627500;118
627600;93
627700;93
627800;102
627900;102
628000;109
628100;109
628200;97
628300;97
628400;98
628500;98
628600;102
628700;102
628800;108
628900;108
629000;112
629100;112
629200;115
629300;115
629400;118
629500;118
629600;118
629700;118
629800;110
629900;110
630000;127
630100;127
630200;131
630300;131
630400;135
630500;135
630600;129
630700;129
630800;136
630900;136
631000;134
631100;134
631200;108
631300;108
631400;98
631500;98
631600;92
631700;92
631800;97
631900;97
632000;86
632100;86
632200;75
632300;75
632400;75
632500;75
632600;81
632700;81
632800;76
632900;76
633000;83
633100;83
633200;87
633300;87
633400;88
633500;88
633600;86
633700;86
633800;82
633900;82
634000;81
634100;81
634200;88
634300;88
634400;75
634500;75
634600;81
634700;81
634800;89
634900;89
635000;87
635100;87
635200;85
635300;85
635400;82
635500;82
635600;71
635700;71
635800;64
635900;64
636000;52
636100;52
636200;84
636300;84
636400;98
636500;98
636600;89
636700;89
636800;93
636900;93
637000;93
637100;93
637200;97
637300;97
637400;100
637500;100
637600;118
637700;118
637800;121
637900;121
638000;140
638100;140
638200;120
638300;120
638400;117
638500;117
638600;101
638700;101
638800;117
638900;117
639000;107
639100;107
639200;83
639300;83
639400;81
639500;81
639600;85
639700;85
639800;92
639900;92
640000;95
640100;95
640200;80
640300;80
640400;87
640500;87
640600;87
640700;87
640800;81
640900;81
641000;84
641100;84
641200;91
641300;91
641400;86
641500;86
641600;92
641700;92
641800;95
641900;95
642000;98
642100;98
642200;91
642300;91
642400;92
642500;92
642600;97
642700;97
642800;115
642900;115
643000;122
643100;122
643200;102
643300;102
643400;109
643500;109
643600;90
643700;90
643800;89
643900;89
644000;93
644100;93
644200;105
644300;105
644400;114
644500;114
644600;116
644700;116
644800;118
644900;118
645000;108
645100;108
645200;173
645300;173
645400;170
645500;170
645600;147
645700;147
645800;158
645900;158
646000;146
646100;146
646200;112
646300;112
646400;182
646500;182
646600;187
646700;187
646800;136
646900;136
647000;165
647100;165
647200;169
647300;169
647400;178
647500;178
647600;162
647700;162
647800;179
647900;179
648000;191
648100;191
648200;184
648300;184
648400;183
648500;183
648600;203
648700;203
648800;196
648900;196
649000;184
649100;184
649200;117
649300;117
649400;187
649500;187
649600;203
649700;203
649800;181
649900;181
650000;177
650100;177
650200;160
650300;160
650400;191
650500;191
650600;139
650700;139
650800;193
650900;193
651000;205
651100;205
651200;206
651300;206
651400;129
651500;129
651600;116
651700;116
651800;157
651900;157
652000;105
652100;105
652200;143
652300;143
652400;139
652500;139
652600;118
652700;118
652800;120
652900;120
653000;158
653100;158
653200;156
653300;156
653400;110
653500;110
653600;123
653700;123
653800;110
653900;110
654000;131
654100;131
654200;154
654300;154
654400;190
654500;190
654600;171
654700;171
654800;186
654900;186
655000;135
655100;135
655200;167
655300;167
655400;163
655500;163
655600;169
655700;169
655800;122
655900;122
656000;99
656100;99
656200;144
656300;144
656400;187
656500;187
656600;174
656700;174
656800;173
656900;173
657000;161
657100;161
657200;117
657300;117
657400;145
657500;145
657600;152
657700;152
657800;144
657900;144
658000;162
658100;162
658200;152
658300;152
658400;150
658500;150
658600;145
658700;145
658800;141
658900;141
659000;135
659100;135
659200;174
659300;174
659400;157
659500;157
659600;151
659700;151
659800;153
659900;153
660000;165
660100;165
660200;115
660300;115
660400;108
660500;108
660600;147
660700;147
660800;143
660900;143
661000;133
661100;133
661200;134
661300;134
661400;163
661500;163
661600;118
661700;118
661800;156
661900;156
662000;144
662100;144
662200;98
662300;98
662400;131
662500;131
662600;143
662700;143
662800;164
662900;164
663000;139
663100;139
663200;147
663300;147
663400;148
663500;148
663600;143
663700;143
663800;158
663900;158
664000;139
664100;139
664200;156
664300;156
664400;140
664500;140
664600;130
664700;130
664800;105
664900;105
665000;143
665100;143
665200;161
665300;161
665400;173
665500;173
665600;159
665700;159
665800;158
665900;158
666000;164
666100;164
666200;162
666300;162
666400;155
666500;155
666600;150
666700;150
666800;151
666900;151
667000;120
667100;120
667200;165
667300;165
667400;167
667500;167
667600;153
667700;153
667800;180
667900;180
668000;181
668100;181
668200;180
668300;180
668400;134
668500;134
668600;167
668700;167
668800;163
668900;163
669000;187
669100;187
669200;127
669300;127
669400;152
669500;152
669600;129
669700;129
669800;129
669900;129
670000;143
670100;143
670200;175
670300;175
670400;177
670500;177
670600;130
670700;130
670800;169
670900;169
671000;177
671100;177
671200;174
671300;174
671400;147
671500;147
671600;169
671700;169
671800;153
671900;153
672000;150
672100;150
672200;147
672300;147
672400;151
672500;151
672600;150
672700;150
672800;136
672900;136
673000;177
673100;177
673200;140
673300;140
673400;167
673500;167
673600;170
673700;170
673800;124
673900;124
674000;169
674100;169
674200;158
674300;158
674400;135
674500;135
674600;183
674700;183
674800;152
674900;152
675000;116
675100;116
675200;108
675300;108
675400;100
675500;100
675600;116
675700;116
675800;140
675900;140
676000;123
676100;123
676200;141
676300;141
676400;131
676500;131
676600;115
676700;115
676800;112
676900;112
677000;112
677100;112
677200;120
677300;120
677400;111
677500;111
677600;119
677700;119
677800;155
677900;155
678000;94
678100;94
678200;112
678300;112
678400;114
678500;114
678600;102
678700;102
678800;91
678900;91
679000;92
679100;92
679200;93
679300;93
679400;90
679500;90
679600;77
679700;77
679800;79
679900;79
680000;75
680100;75
680200;79
680300;79
680400;71
680500;71
680600;81
680700;81
680800;100
680900;100
681000;95
681100;95
681200;101
681300;101
681400;108
681500;108
681600;103
681700;103
681800;104
681900;104
682000;103
682100;103
682200;116
682300;116
682400;120
682500;120
682600;136
682700;136
682800;131
682900;131
683000;105
683100;105
683200;101
683300;101
683400;106
683500;106
683600;122
683700;122
683800;140
683900;140
684000;127
684100;127
684200;146
684300;146
684400;164
684500;164
684600;171
684700;171
684800;163
684900;163
685000;125
685100;125
685200;163
685300;163
685400;127
685500;127
685600;179
685700;179
685800;104
685900;104
686000;102
686100;102
686200;101
686300;101
686400;110
686500;110
686600;90
686700;90
686800;106
686900;106
687000;92
687100;92
687200;101
687300;101
687400;102
687500;102
687600;100
687700;100
687800;128
687900;128
688000;124
688100;124
688200;114
688300;114
688400;121
688500;121
688600;97
688700;97
688800;100
688900;100
689000;93
689100;93
689200;85
689300;85
689400;85
689500;85
689600;66
689700;66
689800;90
689900;90
690000;77
690100;77
690200;79
690300;79
690400;85
690500;85
690600;98
690700;98
690800;122
690900;122
691000;143
691100;143
691200;133
691300;133
691400;117
691500;117
691600;117
691700;117
691800;103
691900;103
692000;98
692100;98
692200;97
692300;97
692400;85
692500;85
692600;100
692700;100
692800;103
692900;103
693000;96
693100;96
693200;103
693300;103
693400;97
693500;97
693600;93
693700;93
693800;98
693900;98
694000;100
694100;100
694200;106
694300;106
694400;124
694500;124
694600;124
694700;124
694800;141
694900;141
695000;150
695100;150
695200;129
695300;129
695400;114
695500;114
695600;116
695700;116
695800;132
695900;132
696000;130
696100;130
696200;131
696300;131
696400;102
696500;102
696600;107
696700;107
696800;114
696900;114
697000;110
697100;110
697200;109
697300;109
697400;132
697500;132
697600;147
697700;147
697800;169
697900;169
698000;166
698100;166
698200;166
698300;166
698400;162
698500;162
698600;153
698700;153
698800;114
698900;114
699000;151
699100;151
699200;207
699300;207
699400;161
699500;161
699600;144
699700;144
699800;160
699900;160
700000;153
700100;153
700200;169
700300;169
700400;160
700500;160
700600;113
700700;113
700800;110
700900;110
701000;109
701100;109
701200;111
701300;111
701400;137
701500;137
701600;147
701700;147
701800;139
701900;139
702000;177
702100;177
702200;152
702300;152
702400;133
702500;133
702600;139
702700;139
702800;132
702900;132
703000;165
703100;165
703200;170
703300;170
703400;162
703500;162
703600;169
703700;169
703800;163
703900;163
704000;148
704100;148
704200;173
704300;173
704400;171
704500;171
704600;166
704700;166
704800;161
704900;161
705000;162
705100;162
705200;125
705300;125
705400;147
705500;147
705600;123
705700;123
705800;148
705900;148
706000;170
706100;170
706200;147
706300;147
706400;141
706500;141
706600;157
706700;157
706800;128
706900;128
707000;105
707100;105
707200;127
707300;127
707400;112
707500;112
707600;106
707700;106
707800;150
707900;150
708000;121
708100;121
708200;138
708300;138
708400;126
708500;126
708600;170
708700;170
708800;203
708900;203
709000;133
709100;133
709200;161
709300;161
709400;131
709500;131
709600;130
709700;130
709800;129
709900;129
710000;164
710100;164
710200;138
710300;138
710400;130
710500;130
710600;122
710700;122
710800;186
710900;186
711000;151
711100;151
711200;140
711300;140
711400;155
711500;155
711600;105
711700;105
711800;121
711900;121
712000;122
712100;122
712200;92
712300;92
712400;177
712500;177
712600;134
712700;134
712800;128
712900;128
713000;102
713100;102
713200;117
713300;117
713400;84
713500;84
713600;99
713700;99
713800;135
713900;135
714000;86
714100;86
714200;105
714300;105
714400;125
714500;125
714600;107
714700;107
714800;92
714900;92
715000;63
715100;63
715200;54
715300;54
715400;58
715500;58
715600;44
715700;44
715800;66
715900;66
716000;70
716100;70
716200;80
716300;80
716400;66
716500;66
716600;49
716700;49
716800;59
716900;59
717000;84
717100;84
717200;66
717300;66
717400;77
717500;77
717600;83
717700;83
717800;33
717900;33
718000;51
718100;51
718200;49
718300;49
718400;74
718500;74
718600;29
718700;29
718800;19
718900;19
719000;47
719100;47
719200;54
719300;54
719400;51
719500;51
719600;63
719700;63
719800;63
719900;63
720000;60
720100;60
720200;80
720300;80
720400;44
720500;44
720600;70
720700;70
720800;91
720900;91
721000;39
721100;39
721200;28
721300;28
721400;101
721500;101
721600;25
721700;25
721800;19
721900;19
722000;22
722100;22
722200;31
722300;31
722400;25
722500;25
722600;32
722700;32
722800;24
722900;24
723000;26
723100;26
723200;57
723300;57
723400;81
723500;81
723600;84
723700;84
723800;22
723900;22
724000;64
724100;64
724200;26
724300;26
724400;25
724500;25
724600;29
724700;29
724800;30
724900;30
725000;24
725100;24
725200;19
725300;19
725400;81
725500;81
725600;40
725700;40
725800;31
725900;31
726000;23
726100;23
726200;21
726300;21
726400;68
726500;68
726600;64
726700;64
726800;33
726900;33
727000;36
727100;36
727200;31
727300;31
727400;19
727500;19
727600;19
727700;19
727800;18
727900;18
728000;29
728100;29
728200;14
728300;14
728400;26
728500;26
728600;23
728700;23
728800;22
728900;22
729000;14
729100;14
729200;36
729300;36
729400;26
729500;26
729600;32
729700;32
729800;39
729900;39
730000;32
730100;32
730200;38
730300;38
730400;24
730500;24
730600;25
730700;25
730800;31
730900;31
731000;26
731100;26
731200;29
731300;29
731400;31
731500;31
731600;29
731700;29
731800;40
731900;40
732000;25
732100;25
732200;58
732300;58
732400;44
732500;44
732600;28
732700;28
732800;43
732900;43
733000;12
733100;12
733200;26
733300;26
733400;77
733500;77
733600;84
733700;84
733800;35
733900;35
734000;24
734100;24
734200;21
734300;21
734400;14
734500;14
734600;8
734700;8
734800;11
734900;11
735000;47
735100;47
735200;58
735300;58
735400;26
735500;26
735600;19
735700;19
735800;19
735900;19
736000;18
736100;18
736200;16
736300;16
736400;25
736500;25
736600;30
736700;30
736800;34
736900;34
737000;23
737100;23
737200;12
737300;12
737400;26
737500;26
737600;43
737700;43
737800;26
737900;26
738000;19
738100;19
738200;16
738300;16
738400;61
738500;61
738600;65
738700;65
738800;31
738900;31
739000;88
739100;88
739200;41
739300;41
739400;57
739500;57
739600;65
739700;65
739800;53
739900;53
740000;60
740100;60
740200;44
740300;44
740400;26
740500;26
740600;65
740700;65
740800;53
740900;53
741000;88
741100;88
741200;35
741300;35
741400;25
741500;25
741600;28
741700;28
741800;21
741900;21
742000;15
742100;15
742200;8
742300;8
742400;8
742500;8
742600;17
742700;17
742800;28
742900;28
743000;80
743100;80
743200;35
743300;35
743400;36
743500;36
743600;30
743700;30
743800;22
743900;22
744000;22
744100;22
744200;16
744300;16
744400;15
744500;15
744600;13
744700;13
744800;9
744900;9
745000;41
745100;41
745200;68
745300;68
745400;16
745500;16
745600;46
745700;46
745800;29
745900;29
746000;8
746100;8
746200;13
746300;13
746400;39
746500;39
746600;39
746700;39
746800;80
746900;80
747000;24
747100;24
747200;11
747300;11
747400;57
747500;57
747600;69
747700;69
747800;14
747900;14
748000;5
748100;5
748200;8
748300;8
748400;11
748500;11
748600;19
748700;19
748800;17
748900;17
749000;21
749100;21
749200;20
749300;20
749400;11
749500;11
749600;11
749700;11
749800;28
749900;28
750000;15
750100;15
750200;24
750300;24
750400;15
750500;15
750600;14
750700;14
750800;10
750900;10
751000;12
751100;12
751200;8
751300;8
751400;5
751500;5
751600;5
751700;5
751800;7
751900;7
752000;5
752100;5
752200;7
752300;7
752400;7
752500;7
752600;7
752700;7
752800;19
752900;19
753000;11
753100;11
753200;14
753300;14
753400;5
753500;5
753600;5
753700;5
753800;4
753900;4
754000;5
754100;5
754200;4
754300;4
754400;5
754500;5
754600;5
754700;5
754800;5
754900;5
755000;5
755100;5
755200;5
755300;5
755400;4
755500;4
755600;4
755700;4
755800;5
755900;5
756000;5
756100;5
756200;5
756300;5
756400;5
756500;5
756600;5
756700;5
756800;5
756900;5
757000;6
757100;6
757200;5
757300;5
757400;5
757500;5
757600;5
757700;5
757800;5
757900;5
758000;5
758100;5
758200;5
758300;5
758400;5
758500;5
758600;5
758700;5
758800;5
758900;5
759000;5
759100;5
759200;5
759300;5
759400;5
759500;5
759600;5
759700;5
759800;5
759900;5
760000;5
760100;5
760200;5
760300;5
760400;5
760500;5
760600;5
760700;5
760800;5
760900;5
761000;5
761100;5
761200;5
761300;5
761400;5
761500;5
761600;5
761700;5
761800;5
761900;5
762000;5
762100;5
762200;5
762300;5
762400;5
762500;5
762600;5
762700;5
762800;5
762900;5
763000;5
763100;5
763200;5
763300;5
763400;5
763500;5
763600;4
763700;4
763800;5
763900;5
764000;5
764100;5
764200;4
764300;4
764400;5
764500;5
764600;5
764700;5
764800;5
764900;5
765000;4
765100;4
765200;5
765300;5
765400;5
765500;5
765600;5
765700;5
765800;5
765900;5
766000;5
766100;5
766200;5
766300;5
766400;5
766500;5
766600;5
766700;5
766800;5
766900;5
767000;5
767100;5
767200;5
767300;5
767400;5
767500;5
767600;5
767700;5
767800;5
767900;5
768000;5
768100;5
768200;5
768300;5
768400;5
768500;5
768600;5
768700;5
768800;5
768900;5
769000;5
769100;5
769200;5
769300;5
769400;5
769500;5
769600;5
769700;5
769800;5
769900;5
770000;5
770100;5
770200;5
770300;5
770400;5
770500;5
770600;5
770700;5
770800;5
770900;5
771000;5
771100;5
771200;5
771300;5
771400;5
771500;5
771600;5
771700;5
771800;5
771900;5
772000;5
772100;5
772200;5
772300;5
772400;5
772500;5
772600;5
772700;5
772800;5
772900;5
773000;5
773100;5
773200;4
773300;4
773400;4
773500;4
773600;4
773700;4
773800;5
773900;5
774000;5
774100;5
774200;5
774300;5
774400;5
774500;5
774600;4
774700;4
774800;5
774900;5
775000;4
775100;4
775200;4
775300;4
775400;5
775500;5
775600;5
775700;5
775800;5
775900;5
776000;5
776100;5
776200;4
776300;4
776400;5
776500;5
776600;5
776700;5
776800;5
776900;5
777000;5
777100;5
777200;5
777300;5
777400;5
777500;5
777600;5
777700;5
777800;4
777900;4
778000;5
778100;5
778200;5
778300;5
778400;5
778500;5
778600;5
778700;5
778800;5
778900;5
779000;5
779100;5
779200;5
779300;5
779400;5
779500;5
779600;5
779700;5
779800;5
779900;5
780000;5
780100;5
780200;5
780300;5
780400;4
780500;4
780600;5
780700;5
780800;5
780900;5
781000;5
781100;5
781200;5
781300;5
781400;5
781500;5
781600;5
781700;5
781800;5
781900;5
782000;4
782100;4
782200;4
782300;4
782400;5
782500;5
782600;5
782700;5
782800;4
782900;4
783000;4
783100;4
783200;4
783300;4
783400;4
783500;4
783600;5
783700;5
783800;4
783900;4
784000;4
784100;4
784200;4
784300;4
784400;4
784500;4
784600;4
784700;4
784800;4
784900;4
785000;4
785100;4
785200;5
785300;5
785400;5
785500;5
785600;4
785700;4
785800;4
785900;4
786000;4
786100;4
786200;4
786300;4
786400;5
786500;5
786600;4
786700;4
786800;5
786900;5
787000;5
787100;5
787200;4
787300;4
787400;4
787500;4
787600;4
787700;4
787800;5
787900;5
788000;5
788100;5
788200;4
788300;4
788400;3
788500;3
788600;0
788700;0
788800;0
788900;0
789000;0
789100;0
789200;0
789300;0
789400;0
789500;0
789600;0
789700;0
789800;1
789900;1
790000;1
790100;1
790200;1
790300;1
790400;1
790500;1
790600;1
790700;1
790800;1
790900;1
791000;0
791100;0
791200;1
791300;1
791400;1
791500;1
791600;1
791700;1
791800;0
791900;0
792000;1
792100;1
792200;1
792300;1
792400;1
792500;1
792600;1
792700;1
792800;1
792900;1
793000;0
793100;0
793200;1
793300;1
793400;1
793500;1
793600;1
793700;1
793800;1
793900;1
794000;1
794100;1
794200;1
794300;1
794400;1
794500;1
794600;1
794700;1
794800;1
794900;1
795000;1
795100;1
795200;1
795300;1
795400;1
795500;1
795600;1
795700;1
795800;1
795900;1
796000;1
796100;1
796200;1
796300;1
796400;1
796500;1
796600;1
796700;1
796800;1
796900;1
797000;1
797100;1
797200;1
797300;1
797400;1
797500;1
797600;1
797700;1
797800;1
797900;1
798000;1
798100;1
798200;1
798300;1
798400;1
798500;1
798600;1
798700;1
798800;1
798900;1
799000;1
799100;1
799200;1
799300;1
799400;1
799500;1
799600;1
799700;1
799800;1
799900;1
800000;1